CrimeDate,CrimeTime,CrimeCode,Location,Description,Inside/Outside,Weapon,Post,District,Neighborhood,Longitude,Latitude,Location 1,Premise,Total Incidents
07/07/2018,23:53:00,1F,1600 PENTWOOD RD,HOMICIDE,,FIREARM,413,NORTHEASTERN,Stonewood-Pentwood-Winsto,-76.58727,39.34782,"(39.34782, -76.58727)",Alley,1
07/07/2018,22:41:00,9S,3700 S HANOVER ST,SHOOTING,,FIREARM,913,SOUTHERN,Brooklyn,-76.61033,39.23703,"(39.23703, -76.61033)",Common Bus,1
07/07/2018,20:19:00,9S,4900 SINCLAIR LA,SHOOTING,,FIREARM,443,NORTHEASTERN,Frankford,-76.55088,39.32101,"(39.32101, -76.55088)",Street,1
07/07/2018,18:15:00,9S,1800 PENNSYLVANIA AV,SHOOTING,,FIREARM,123,CENTRAL,Upton,-76.63571,39.30436,"(39.30436, -76.63571)",Street,1
07/07/2018,16:14:00,9S,6800 FAIRLAWN AV,SHOOTING,,FIREARM,631,NORTHWESTERN,Reisterstown Station,-76.70956,39.3588,"(39.3588, -76.70956)",Street,1
07/07/2018,0:32:00,9S,5000 BENTON HEIGHTS AV,SHOOTING,,FIREARM,426,NORTHEASTERN,Waltherson,-76.55576,39.3363,"(39.3363, -76.55576)",Street,1
07/06/2018,20:21:00,9S,1800 ORLEANS ST,SHOOTING,,FIREARM,321,EASTERN,Dunbar-Broadway,-76.59129,39.29529,"(39.29529, -76.59129)",Street,1
07/06/2018,19:50:00,1F,0 N ABINGTON AV,HOMICIDE,,FIREARM,842,SOUTHWESTERN,Carroll-South Hilton,-76.67118,39.28631,"(39.28631, -76.67118)",Street,1
07/06/2018,19:50:00,9S,0 N ABINGTON AV,SHOOTING,,FIREARM,842,SOUTHWESTERN,Carroll-South Hilton,-76.67118,39.28631,"(39.28631, -76.67118)",Street,1
07/05/2018,14:20:00,9S,500 LYNDHURST ST,SHOOTING,,FIREARM,843,SOUTHWESTERN,Allendale,-76.6806,39.29266,"(39.29266, -76.6806)",Vehicle,1
07/05/2018,3:10:00,1F,500 DENISON ST,HOMICIDE,,FIREARM,843,SOUTHWESTERN,Lower Edmondson Village,-76.6741,39.29288,"(39.29288, -76.6741)",Street,1
07/05/2018,0:38:00,1K,1900 W NORTH AV,HOMICIDE,,KNIFE,731,WESTERN,Mondawmin,-76.64917,39.30981,"(39.30981, -76.64917)",Street,1
07/04/2018,5:18:00,1F,3700 5TH ST,HOMICIDE,,FIREARM,913,SOUTHERN,Brooklyn,-76.60447,39.23567,"(39.23567, -76.60447)",Street,1
07/04/2018,3:29:00,9S,2200 GREENMOUNT AV,SHOOTING,,FIREARM,341,EASTERN,Barclay,-76.60952,39.31488,"(39.31488, -76.60952)",Street,1
07/03/2018,11:36:00,9S,0 E PATAPSCO AV,SHOOTING,,FIREARM,913,SOUTHERN,Brooklyn,-76.60963,39.23853,"(39.23853, -76.60963)",Street,1
07/03/2018,9:30:00,1F,1800 RAMSAY ST,HOMICIDE,,FIREARM,934,SOUTHERN,Carrollton Ridge,-76.64504,39.28322,"(39.28322, -76.64504)",Street,1
07/01/2018,18:10:00,9S,1900 LINDEN AV,SHOOTING,,FIREARM,132,CENTRAL,Bolton Hill,-76.63103,39.30944,"(39.30944, -76.63103)",Street,1
07/01/2018,10:33:00,1F,1900 N CHARLES ST,HOMICIDE,,FIREARM,141,CENTRAL,Charles North,-76.61654,39.31147,"(39.31147, -76.61654)",Parking Lo,1
06/30/2018,23:44:00,9S,4000 PENHURST AV,SHOOTING,,FIREARM,621,NORTHWESTERN,West Arlington,-76.68585,39.33867,"(39.33867, -76.68585)",Dwelling,1
06/30/2018,23:44:00,9S,4000 PENHURST AV,SHOOTING,,FIREARM,621,NORTHWESTERN,West Arlington,-76.68585,39.33867,"(39.33867, -76.68585)",Dwelling,1
06/30/2018,23:44:00,9S,4000 PENHURST AV,SHOOTING,,FIREARM,621,NORTHWESTERN,West Arlington,-76.68585,39.33867,"(39.33867, -76.68585)",Dwelling,1
06/30/2018,23:44:00,9S,4000 PENHURST AV,SHOOTING,,FIREARM,621,NORTHWESTERN,West Arlington,-76.68585,39.33867,"(39.33867, -76.68585)",Dwelling,1
06/30/2018,23:44:00,9S,4000 PENHURST AV,SHOOTING,,FIREARM,621,NORTHWESTERN,West Arlington,-76.68585,39.33867,"(39.33867, -76.68585)",Dwelling,1
06/30/2018,23:44:00,9S,4000 PENHURST AV,SHOOTING,,FIREARM,621,NORTHWESTERN,West Arlington,-76.68585,39.33867,"(39.33867, -76.68585)",Dwelling,1
06/30/2018,21:09:00,9S,3600 REISTERSTOWN RD,SHOOTING,,FIREARM,612,NORTHWESTERN,Park Circle,-76.66034,39.32895,"(39.32895, -76.66034)",Street,1
06/30/2018,21:05:00,9S,800 LINDEN AV,SHOOTING,,FIREARM,142,CENTRAL,Mount Vernon,-76.62075,39.2993,"(39.2993, -76.62075)",Day Care F,1
06/30/2018,2:34:00,9S,200 PARK AV,SHOOTING,,FIREARM,111,CENTRAL,Downtown,-76.61807,39.29171,"(39.29171, -76.61807)",Street,1
06/30/2018,2:34:00,9S,200 PARK AV,SHOOTING,,FIREARM,111,CENTRAL,Downtown,-76.61807,39.29171,"(39.29171, -76.61807)",Street,1
06/30/2018,0:54:00,9S,3000 HOLLINS FERRY RD,SHOOTING,,FIREARM,923,SOUTHERN,Lakeland,-76.64668,39.25266,"(39.25266, -76.64668)",Street,1
06/28/2018,3:23:00,9S,2200 AIKEN ST,SHOOTING,,FIREARM,342,EASTERN,East Baltimore Midway,-76.5994,39.31512,"(39.31512, -76.5994)",Street,1
06/27/2018,20:34:00,9S,2600 BOONE ST,SHOOTING,,FIREARM,513,NORTHERN,Better Waverly,-76.60866,39.31967,"(39.31967, -76.60866)",Street,1
06/26/2018,22:51:00,9S,900 E 41ST ST,SHOOTING,,FIREARM,542,NORTHERN,Pen Lucy,-76.60354,39.33982,"(39.33982, -76.60354)",Street,1
06/26/2018,0:53:00,9S,3700 CLIFTON AV,SHOOTING,,FIREARM,812,SOUTHWESTERN,Mount Holly,-76.67971,39.31081,"(39.31081, -76.67971)",Street,1
06/25/2018,23:08:00,9S,4300 ERDMAN AV,SHOOTING,,FIREARM,433,NORTHEASTERN,Orchard Ridge,-76.56555,39.31154,"(39.31154, -76.56555)",Parking Lo,1
06/25/2018,21:00:00,9S,2700 QUANTICO AV,SHOOTING,,FIREARM,614,NORTHWESTERN,Central Park Heights,-76.6644,39.33677,"(39.33677, -76.6644)",Street,1
06/25/2018,21:00:00,9S,2700 QUANTICO AV,SHOOTING,,FIREARM,614,NORTHWESTERN,Central Park Heights,-76.6644,39.33677,"(39.33677, -76.6644)",Street,1
06/24/2018,22:51:00,9S,1200 N POTOMAC ST,SHOOTING,,FIREARM,332,EASTERN,Berea,-76.57558,39.30519,"(39.30519, -76.57558)",Common Bus,1
06/24/2018,16:42:00,9S,1500 E LANVALE ST,SHOOTING,,FIREARM,343,EASTERN,Oliver,-76.59782,39.30951,"(39.30951, -76.59782)",Street,1
06/22/2018,137,9S,400 W MULBERRY ST,SHOOTING,,FIREARM,111,CENTRAL,Downtown,-76.62206,39.29381,"(39.29381, -76.62206)",Public Are,1
06/21/2018,323,9S,2000 W BALTIMORE ST,SHOOTING,,FIREARM,714,WESTERN,Penrose/Fayette Street Ou,-76.64888,39.2881,"(39.2881, -76.64888)",Street,1
06/20/2018,2316,9S,4400 ST THOMAS AV,SHOOTING,,FIREARM,443,NORTHEASTERN,Frankford,-76.55751,39.32974,"(39.32974, -76.55751)",Street,1
06/20/2018,2251,1F,3200 CLARENCE AV,HOMICIDE,,FIREARM,432,NORTHEASTERN,Belair-Edison,-76.57602,39.32238,"(39.32238, -76.57602)",Dwelling,1
06/20/2018,1251,9S,4400 PENHURST AV,SHOOTING,,FIREARM,621,NORTHWESTERN,West Arlington,-76.69324,39.33871,"(39.33871, -76.69324)",Public Are,1
06/20/2018,1205,1F,2500 W BALTIMORE ST,HOMICIDE,,FIREARM,842,SOUTHWESTERN,Shipley Hill,-76.65671,39.28775,"(39.28775, -76.65671)",Street,1
06/20/2018,4:03:00,1F,1300 SARGEANT ST,HOMICIDE,,FIREARM,932,SOUTHERN,Washington Village/Pigtow,-76.63644,39.28061,"(39.28061, -76.63644)",Street,1
06/20/2018,0:06:00,1F,300 W BALTIMORE ST,HOMICIDE,,FIREARM,111,CENTRAL,Downtown,-76.61967,39.28938,"(39.28938, -76.61967)",Street,1
06/19/2018,11:08:00,9S,2400 LLEWELYN AV,SHOOTING,,FIREARM,331,EASTERN,Broadway East,-76.5841,39.30739,"(39.30739, -76.5841)",Street,1
06/19/2018,0:52:00,1F,4900 LITCHFIELD AV,HOMICIDE,,FIREARM,613,NORTHWESTERN,Langston Hughes,-76.67726,39.34341,"(39.34341, -76.67726)",Vehicle,1
06/18/2018,1:32:00,1F,1000 W NORTH AV,HOMICIDE,,FIREARM,132,CENTRAL,Madison Park,-76.63421,39.31028,"(39.31028, -76.63421)",Street,1
06/17/2018,19:41:00,1K,4200 THAYER CT,HOMICIDE,,KNIFE,913,SOUTHERN,Brooklyn,-76.59976,39.22755,"(39.22755, -76.59976)",Street,1
06/17/2018,16:24:00,9S,1600 MONTPELIER ST,SHOOTING,,FIREARM,411,NORTHEASTERN,Coldstream Homestead Mont,-76.59664,39.32073,"(39.32073, -76.59664)",Street,1
06/17/2018,2:06:00,9S,1000 N MARTIN LUTHER KING BLVD,SHOOTING,,FIREARM,141,CENTRAL,Mid-Town Belvedere,-76.62022,39.30185,"(39.30185, -76.62022)",Vehicle,1
06/16/2018,23:18:00,9S,1700 MONTPELIER ST,SHOOTING,,FIREARM,411,NORTHEASTERN,Coldstream Homestead Mont,-76.59507,39.31976,"(39.31976, -76.59507)",Street,1
06/16/2018,23:07:00,1F,3900 EDMONDSON AV,HOMICIDE,,FIREARM,843,SOUTHWESTERN,Allendale,-76.68145,39.29371,"(39.29371, -76.68145)",Dwelling,1
06/16/2018,23:07:00,1F,3900 EDMONDSON AV,HOMICIDE,,FIREARM,843,SOUTHWESTERN,Allendale,-76.68145,39.29371,"(39.29371, -76.68145)",Dwelling,1
06/16/2018,1536,9S,5400 YORK RD,SHOOTING,,FIREARM,523,NORTHERN,Homeland,-76.60992,39.35565,"(39.35565, -76.60992)",Street,1
06/16/2018,1132,1F,900 VALLEY ST,HOMICIDE,,FIREARM,312,EASTERN,Oldtown,-76.60489,39.30037,"(39.30037, -76.60489)",Street,1
06/16/2018,111,9S,1700 W NORTH AV,SHOOTING,,FIREARM,733,WESTERN,Penn North,-76.64509,39.30997,"(39.30997, -76.64509)",Street,1
06/16/2018,111,9S,1700 W NORTH AV,SHOOTING,,FIREARM,733,WESTERN,Penn North,-76.64509,39.30997,"(39.30997, -76.64509)",Street,1
06/16/2018,111,9S,1000 DRUID HILL AV,SHOOTING,,FIREARM,123,CENTRAL,Upton,-76.6259,39.2998,"(39.2998, -76.6259)",Street,1
06/14/2018,1747,1F,1100 N FREMONT AV,HOMICIDE,,FIREARM,743,WESTERN,Sandtown-Winchester,-76.63601,39.30184,"(39.30184, -76.63601)",Street,1
06/13/2018,1229,9S,1500 WINCHESTER ST,SHOOTING,,FIREARM,743,WESTERN,Sandtown-Winchester,-76.64217,39.30234,"(39.30234, -76.64217)",Street,1
06/13/2018,117,1F,2800 MC ELDERRY ST,HOMICIDE,,FIREARM,221,SOUTHEASTERN,McElderry Park,-76.57793,39.29793,"(39.29793, -76.57793)",Street,1
06/12/2018,2150,9S,4400 PARK HEIGHTS AV,SHOOTING,,FIREARM,614,NORTHWESTERN,Central Park Heights,-76.66656,39.33972,"(39.33972, -76.66656)",Alley,1
06/12/2018,1755,9S,2700 QUANTICO AV,SHOOTING,,FIREARM,614,NORTHWESTERN,Central Park Heights,-76.6644,39.33677,"(39.33677, -76.6644)",Street,1
06/12/2018,1329,1F,5400 CEDONIA AV,HOMICIDE,,FIREARM,441,NORTHEASTERN,Cedonia,-76.53278,39.33144,"(39.33144, -76.53278)",Vacant Dwe,1
06/12/2018,1116,1O,2400 WESTFIELD AV,HOMICIDE,,OTHER,423,NORTHEASTERN,Hamilton Hills,-76.5663,39.36409,"(39.36409, -76.5663)",Public Are,1
06/11/2018,2347,9S,200 S CALHOUN ST,SHOOTING,,FIREARM,935,SOUTHERN,New Southwest/Mount Clare,-76.63941,39.28544,"(39.28544, -76.63941)",Street,1
06/11/2018,2249,1F,100 N FREMONT AV,HOMICIDE,,FIREARM,712,WESTERN,Poppleton,-76.62958,39.29012,"(39.29012, -76.62958)",Street,1
06/11/2018,2207,1F,4800 PIMLICO RD,HOMICIDE,,FIREARM,614,NORTHWESTERN,Central Park Heights,-76.66896,39.34664,"(39.34664, -76.66896)",Public Are,1
06/11/2018,902,9S,500 S WICKHAM RD,SHOOTING,,FIREARM,833,SOUTHWESTERN,Beechfield,-76.69695,39.2775,"(39.2775, -76.69695)",Public Hou,1
06/10/2018,1923,1F,2800 BOARMAN AV,HOMICIDE,,FIREARM,613,NORTHWESTERN,Towanda-Grantley,-76.66784,39.33791,"(39.33791, -76.66784)",Street,1
06/10/2018,1923,9S,2800 BOARMAN AV,SHOOTING,,FIREARM,613,NORTHWESTERN,Towanda-Grantley,-76.66784,39.33791,"(39.33791, -76.66784)",Street,1
06/10/2018,340,9S,4100 GRAHAM CT,SHOOTING,,FIREARM,911,SOUTHERN,Curtis Bay,-76.58838,39.22793,"(39.22793, -76.58838)",Street,1
06/10/2018,49,9S,1000 BETHUNE RD,SHOOTING,,FIREARM,922,SOUTHERN,Cherry Hill,-76.62508,39.24406,"(39.24406, -76.62508)",Street,1
06/10/2018,49,9S,1000 BETHUNE RD,SHOOTING,,FIREARM,922,SOUTHERN,Cherry Hill,-76.62508,39.24406,"(39.24406, -76.62508)",Street,1
06/10/2018,49,9S,1000 BETHUNE RD,SHOOTING,,FIREARM,922,SOUTHERN,Cherry Hill,-76.62508,39.24406,"(39.24406, -76.62508)",Street,1
06/09/2018,2228,9S,3300 FRISBY ST,SHOOTING,,FIREARM,543,NORTHERN,Waverly,-76.60636,39.32889,"(39.32889, -76.60636)",Vehicle,1
06/09/2018,2221,9S,1200 N CAREY ST,SHOOTING,,FIREARM,743,WESTERN,Sandtown-Winchester,-76.63895,39.30264,"(39.30264, -76.63895)",Dwelling,1
06/09/2018,1754,9S,0 N MOUNT ST,SHOOTING,,FIREARM,711,WESTERN,Franklin Square,-76.64376,39.28836,"(39.28836, -76.64376)",Street,1
06/09/2018,311,1F,2200 GERMANIA AV,HOMICIDE,,FIREARM,342,EASTERN,Darley Park,-76.59628,39.3149,"(39.3149, -76.59628)",Street,1
06/08/2018,2352,9S,3400 EDMONDSON AV,SHOOTING,,FIREARM,844,SOUTHWESTERN,Edgewood,-76.67434,39.29414,"(39.29414, -76.67434)",Street,1
06/08/2018,2204,9S,500 CHATEAU AV,SHOOTING,,FIREARM,524,NORTHERN,Winston-Govans,-76.60899,39.35083,"(39.35083, -76.60899)",Street,1
06/08/2018,603,9S,0 LIGHT ST,SHOOTING,,FIREARM,111,CENTRAL,Downtown,-76.61377,39.28954,"(39.28954, -76.61377)",Common Bus,1
06/07/2018,1822,9S,3600 WOODBINE AV,SHOOTING,,FIREARM,622,NORTHWESTERN,Howard Park,-76.69677,39.33257,"(39.33257, -76.69677)",Public Are,1
06/06/2018,2230,9S,1300 S PONCA ST,SHOOTING,,FIREARM,233,SOUTHEASTERN,Canton Industrial Area,-76.55448,39.27886,"(39.27886, -76.55448)",Street,1
06/06/2018,2225,9S,5500 BOWLEYS LA,SHOOTING,,FIREARM,443,NORTHEASTERN,Frankford,-76.55159,39.31889,"(39.31889, -76.55159)",Street,1
06/06/2018,2225,9S,5500 BOWLEYS LA,SHOOTING,,FIREARM,443,NORTHEASTERN,Frankford,-76.55159,39.31889,"(39.31889, -76.55159)",Street,1
06/05/2018,58,9S,700 WASHINGTON BLVD,SHOOTING,,FIREARM,931,SOUTHERN,Barre Circle,-76.62655,39.28334,"(39.28334, -76.62655)",Parking Lo,1
06/04/2018,2149,9S,4500 EDMONDSON AV,SHOOTING,,FIREARM,822,SOUTHWESTERN,Rognel Heights,-76.69257,39.2935,"(39.2935, -76.69257)",Street,1
06/04/2018,2149,9S,4500 EDMONDSON AV,SHOOTING,,FIREARM,822,SOUTHWESTERN,Rognel Heights,-76.69257,39.2935,"(39.2935, -76.69257)",Street,1
06/04/2018,315,9S,3900 KENYON AV,SHOOTING,,FIREARM,432,NORTHEASTERN,Belair-Edison,-76.56189,39.31691,"(39.31691, -76.56189)",Dwelling,1
06/03/2018,2131,9S,300 S VINCENT ST,SHOOTING,,FIREARM,935,SOUTHERN,New Southwest/Mount Clare,-76.64287,39.28402,"(39.28402, -76.64287)",Street,1
06/03/2018,1559,9S,1700 E NORTH AV,SHOOTING,,FIREARM,342,EASTERN,South Clifton Park,-76.59487,39.31217,"(39.31217, -76.59487)",Public Are,1
06/03/2018,217,1K,400 MANSE CT,HOMICIDE,,KNIFE,123,CENTRAL,Upton,-76.6259,39.30218,"(39.30218, -76.6259)",Street,1
06/02/2018,1514,1F,1600 N GILMOR ST,HOMICIDE,,FIREARM,742,WESTERN,Sandtown-Winchester,-76.64344,39.30693,"(39.30693, -76.64344)",Street,1
06/01/2018,2319,1K,3000 ASCENSION ST,HOMICIDE,,KNIFE,922,SOUTHERN,Cherry Hill,-76.61932,39.24924,"(39.24924, -76.61932)",Dwelling,1
06/01/2018,17,1F,5800 MOORES RUN CT,HOMICIDE,,FIREARM,441,NORTHEASTERN,Cedonia,-76.53692,39.33448,"(39.33448, -76.53692)",Street,1
05/30/2018,214,9S,1800 N MONTFORD AV,SHOOTING,,FIREARM,331,EASTERN,Broadway East,-76.58453,39.31148,"(39.31148, -76.58453)",Street,1
05/29/2018,2248,9S,1200 SARGEANT ST,SHOOTING,,FIREARM,932,SOUTHERN,Washington Village/Pigtow,-76.63455,39.2821,"(39.2821, -76.63455)",Street,1
05/29/2018,1950,1F,200 N DUNCAN ST,HOMICIDE,,FIREARM,321,EASTERN,CARE,-76.58703,39.29467,"(39.29467, -76.58703)",Dwelling,1
05/29/2018,1825,9S,3000 OAKFORD AV,SHOOTING,,FIREARM,532,NORTHERN,Parklane,-76.66444,39.34142,"(39.34142, -76.66444)",Street,1
05/28/2018,1357,9S,2700 BOOKERT DR,SHOOTING,,FIREARM,922,SOUTHERN,Cherry Hill,-76.62736,39.24804,"(39.24804, -76.62736)",Dwelling,1
05/28/2018,1326,9S,1200 HARLEM AV,SHOOTING,,FIREARM,713,WESTERN,Harlem Park,-76.63727,39.29675,"(39.29675, -76.63727)",Street,1
05/28/2018,1109,9S,5400 WABASH AV,SHOOTING,,FIREARM,621,NORTHWESTERN,West Arlington,-76.69179,39.3427,"(39.3427, -76.69179)",Street,1
05/28/2018,544,9S,3000 S HANOVER ST,SHOOTING,,FIREARM,922,SOUTHERN,Middle Branch/Reedbird Pa,-76.61498,39.25137,"(39.25137, -76.61498)",Street,1
05/28/2018,157,9S,1300 E CHASE ST,SHOOTING,,FIREARM,313,EASTERN,Johnston Square,-76.60033,39.30302,"(39.30302, -76.60033)",Vehicle,1
05/27/2018,1939,9S,900 DUCATEL ST,SHOOTING,,FIREARM,133,CENTRAL,Reservoir Hill,-76.63429,39.31238,"(39.31238, -76.63429)",Street,1
05/27/2018,1934,9S,500 YALE AV,SHOOTING,,FIREARM,833,SOUTHWESTERN,Yale Heights,-76.68645,39.27731,"(39.27731, -76.68645)",Street,1
05/27/2018,1647,9S,1300 N CAREY ST,SHOOTING,,FIREARM,743,WESTERN,Sandtown-Winchester,-76.639,39.30342,"(39.30342, -76.639)",Street,1
05/26/2018,1040`,9S,1700 MADISON AV,SHOOTING,,FIREARM,132,CENTRAL,Madison Park,-76.63108,39.30639,"(39.30639, -76.63108)",Public Are,1
05/26/2018,1040`,9S,1700 MADISON AV,SHOOTING,,FIREARM,132,CENTRAL,Madison Park,-76.63108,39.30639,"(39.30639, -76.63108)",Public Are,1
05/26/2018,206,9S,500 E 26TH ST,SHOOTING,,FIREARM,513,NORTHERN,Better Waverly,-76.60929,39.31906,"(39.31906, -76.60929)",Street,1
05/25/2018,1552,9S,2800 CARVER RD,SHOOTING,,FIREARM,922,SOUTHERN,Cherry Hill,-76.62617,39.24741,"(39.24741, -76.62617)",Street,1
05/25/2018,855,9S,100 S STOCKTON ST,SHOOTING,,FIREARM,931,SOUTHERN,Hollins Market,-76.63735,39.28652,"(39.28652, -76.63735)",Street,1
05/24/2018,424,9S,2300 LAURETTA AV,SHOOTING,,FIREARM,721,WESTERN,Rosemont Homeowners/Tenan,-76.65345,39.29416,"(39.29416, -76.65345)",Street,1
05/24/2018,17,1F,800 MC ALEER CT,HOMICIDE,,FIREARM,312,EASTERN,Oldtown,-76.60592,39.30024,"(39.30024, -76.60592)",Public Hou,1
05/23/2018,2238,9S,400 S GILMOR ST,SHOOTING,,FIREARM,935,SOUTHERN,New Southwest/Mount Clare,-76.64208,39.28265,"(39.28265, -76.64208)",Dwelling,1
05/23/2018,2120,1F,500 SANFORD PL,HOMICIDE,,FIREARM,131,CENTRAL,Druid Heights,-76.64049,39.30953,"(39.30953, -76.64049)",Street,1
05/23/2018,1908,9S,1900 BELAIR RD,SHOOTING,,FIREARM,331,EASTERN,South Clifton Park,-76.58397,39.3127,"(39.3127, -76.58397)",Parking Lo,1
05/23/2018,230,9S,3900 LIBERTY HEIGHTS AV,SHOOTING,,FIREARM,621,NORTHWESTERN,Dorchester,-76.68259,39.32744,"(39.32744, -76.68259)",Street,1
05/22/2018,2116,1F,5500 CLOVER RD,HOMICIDE,,FIREARM,633,NORTHWESTERN,Pimlico Good Neighbors,-76.68232,39.3524,"(39.3524, -76.68232)",Street,1
05/22/2018,1543,9S,0 S EDEN ST,SHOOTING,,FIREARM,212,SOUTHEASTERN,Washington Hill,-76.59862,39.29076,"(39.29076, -76.59862)",Vehicle,1
05/22/2018,1130,1F,400 HEAVER ST,HOMICIDE,,FIREARM,341,EASTERN,Barclay,-76.61075,39.31203,"(39.31203, -76.61075)",Street,1
05/22/2018,832,9S,4000 W BELVEDERE AV,SHOOTING,,FIREARM,623,NORTHWESTERN,Woodmere,-76.68246,39.34424,"(39.34424, -76.68246)",Hospital,1
05/20/2018,2245,9S,1800 N WOLFE ST,SHOOTING,,FIREARM,331,EASTERN,Broadway East,-76.59169,39.31117,"(39.31117, -76.59169)",Street,1
05/20/2018,2112,9S,2600 ELSINORE AV,SHOOTING,,FIREARM,641,NORTHWESTERN,Garwyn Oaks,-76.67939,39.31729,"(39.31729, -76.67939)",Street,1
05/20/2018,1201,1F,2100 HOLLINS ST,HOMICIDE,,FIREARM,842,SOUTHWESTERN,Boyd-Booth,-76.65021,39.28703,"(39.28703, -76.65021)",Street,1
05/19/2018,2022,1F,4600 YORK RD,HOMICIDE,,FIREARM,521,NORTHERN,Kernewood,-76.60966,39.34446,"(39.34446, -76.60966)",Street,1
05/19/2018,1743,9S,1300 N FREMONT AV,SHOOTING,,FIREARM,743,WESTERN,Sandtown-Winchester,-76.63696,39.30359,"(39.30359, -76.63696)",Street,1
05/17/2018,1111,9S,1600 N BRADFORD ST,SHOOTING,,FIREARM,331,EASTERN,Broadway East,-76.58511,39.30933,"(39.30933, -76.58511)",Street,1
05/16/2018,1709,9S,2400 W BELVEDERE AV,SHOOTING,,FIREARM,532,NORTHERN,Levindale,-76.66237,39.35448,"(39.35448, -76.66237)",Street,1
05/16/2018,1211,9S,2600 PENNSYLVANIA AV,SHOOTING,,FIREARM,733,WESTERN,Penn North,-76.64398,39.31127,"(39.31127, -76.64398)",Street,1
05/16/2018,932,9S,3400 LEVERTON AV,SHOOTING,,FIREARM,223,SOUTHEASTERN,Baltimore Highlands,-76.56876,39.29184,"(39.29184, -76.56876)",Street,1
05/16/2018,830,1F,2000 HOLLINS ST,HOMICIDE,,FIREARM,842,SOUTHWESTERN,Boyd-Booth,-76.64881,39.28709,"(39.28709, -76.64881)",Street,1
05/15/2018,2237,9S,5500 BOWLEYS LA,SHOOTING,,FIREARM,443,NORTHEASTERN,Frankford,-76.55172,39.31923,"(39.31923, -76.55172)",Street,1
05/15/2018,2237,9S,5500 BOWLEYS LA,SHOOTING,,FIREARM,443,NORTHEASTERN,Frankford,-76.55172,39.31923,"(39.31923, -76.55172)",Street,1
05/15/2018,1929,9S,4700 YORK RD,SHOOTING,,FIREARM,521,NORTHERN,Kernewood,-76.60964,39.34629,"(39.34629, -76.60964)",Street,1
05/15/2018,1703,9S,2200 RAMSAY ST,SHOOTING,,FIREARM,841,SOUTHWESTERN,Carrollton Ridge,-76.65124,39.28296,"(39.28296, -76.65124)",Street,1
05/15/2018,1555,1F,3700 ST MARGARET ST,HOMICIDE,,FIREARM,913,SOUTHERN,Brooklyn,-76.59561,39.23283,"(39.23283, -76.59561)",Public Are,1
05/15/2018,1218,9S,1200 SARGEANT ST,SHOOTING,,FIREARM,932,SOUTHERN,Washington Village/Pigtow,-76.63455,39.2821,"(39.2821, -76.63455)",Street,1
05/14/2018,1924,9S,500 MT HOLLY ST,SHOOTING,,FIREARM,843,SOUTHWESTERN,Allendale,-76.67961,39.29269,"(39.29269, -76.67961)",Street,1
05/14/2018,1432,9S,2000 ETTING ST,SHOOTING,,FIREARM,131,CENTRAL,Druid Heights,-76.63604,39.30716,"(39.30716, -76.63604)",Street,1
05/14/2018,1432,9S,2000 ETTING ST,SHOOTING,,FIREARM,131,CENTRAL,Druid Heights,-76.63604,39.30716,"(39.30716, -76.63604)",Street,1
05/14/2018,1432,9S,2000 ETTING ST,SHOOTING,,FIREARM,131,CENTRAL,Druid Heights,-76.63604,39.30716,"(39.30716, -76.63604)",Street,1
05/14/2018,1432,9S,2000 ETTING ST,SHOOTING,,FIREARM,131,CENTRAL,Druid Heights,-76.63604,39.30716,"(39.30716, -76.63604)",Street,1
05/14/2018,401,1F,4400 6TH ST,HOMICIDE,,FIREARM,913,SOUTHERN,Brooklyn,-76.59966,39.22581,"(39.22581, -76.59966)",,1
05/12/2018,2350,1O,2000 MC CULLOH ST,HOMICIDE,,OTHER,131,CENTRAL,Druid Heights,-76.6348,39.30817,"(39.30817, -76.6348)",Dwelling,1
05/12/2018,1730,9S,400 E PATAPSCO AV,SHOOTING,,FIREARM,913,SOUTHERN,Brooklyn,-76.60529,39.23726,"(39.23726, -76.60529)",Street,1
05/11/2018,2257,9S,500 N FREMONT AV,SHOOTING,,FIREARM,713,WESTERN,Harlem Park,-76.63196,39.29448,"(39.29448, -76.63196)",Street,1
05/10/2018,2231,9S,2600 GWYNNS FALLS PKWY,SHOOTING,,FIREARM,731,NORTHWESTERN,Panway/Braddish Avenue,-76.66049,39.31496,"(39.31496, -76.66049)",Street,1
05/10/2018,2231,9S,2600 GWYNNS FALLS PKWY,SHOOTING,,FIREARM,731,NORTHWESTERN,Panway/Braddish Avenue,-76.66049,39.31496,"(39.31496, -76.66049)",Street,1
05/10/2018,403,9S,2400 E LAFAYETTE AV,SHOOTING,,FIREARM,331,EASTERN,Broadway East,-76.58436,39.3111,"(39.3111, -76.58436)",Street,1
05/10/2018,102,9S,400 S PARRISH ST,SHOOTING,,FIREARM,935,SOUTHERN,New Southwest/Mount Clare,-76.64138,39.2829,"(39.2829, -76.64138)",Alley,1
05/09/2018,2317,1F,1200 W NORTH AV,HOMICIDE,,FIREARM,733,WESTERN,Penn North,-76.63707,39.31032,"(39.31032, -76.63707)",Street,1
05/08/2018,2148,9S,700 MURA ST,SHOOTING,,FIREARM,311,EASTERN,Johnston Square,-76.60756,39.30433,"(39.30433, -76.60756)",Street,1
05/08/2018,2020,1F,3600 W MULBERRY ST,HOMICIDE,,FIREARM,843,SOUTHWESTERN,Allendale,-76.67737,39.29183,"(39.29183, -76.67737)",Street,1
05/08/2018,1823,9S,3400 LEVERTON AV,SHOOTING,,FIREARM,223,SOUTHEASTERN,Baltimore Highlands,-76.56876,39.29184,"(39.29184, -76.56876)",Street,1
05/08/2018,1743,9S,900 S CATON AV,SHOOTING,,FIREARM,832,SOUTHWESTERN,Violetville,-76.67137,39.27355,"(39.27355, -76.67137)",Hospital,1
05/08/2018,1603,1K,200 WASHBURN AV,HOMICIDE,,KNIFE,913,SOUTHERN,Brooklyn,-76.60866,39.23582,"(39.23582, -76.60866)",Dwelling,1
05/08/2018,111,9S,2300 ANNAPOLIS RD,SHOOTING,,FIREARM,921,SOUTHERN,Westport,-76.63412,39.26286,"(39.26286, -76.63412)",Street,1
05/07/2018,215,9S,5600 LOCH RAVEN BLVD,SHOOTING,,FIREARM,415,NORTHEASTERN,Loch Raven,-76.58856,39.35952,"(39.35952, -76.58856)",Hospital,1
05/07/2018,25,1K,0 N HOWARD ST,HOMICIDE,,KNIFE,111,CENTRAL,Downtown,-76.61941,39.28943,"(39.28943, -76.61941)",Alley,1
05/06/2018,1941,9S,300 N FREMONT AV,SHOOTING,,FIREARM,712,WESTERN,Poppleton,-76.63098,39.2927,"(39.2927, -76.63098)",Street,1
05/06/2018,1311,9S,900 S CATON AV,SHOOTING,,FIREARM,832,SOUTHWESTERN,Violetville,-76.67137,39.27355,"(39.27355, -76.67137)",Hospital,1
05/06/2018,1303,1F,4100 MOUNTWOOD RD,HOMICIDE,,FIREARM,844,SOUTHWESTERN,Edmondson Village,-76.68449,39.30069,"(39.30069, -76.68449)",Street,1
05/06/2018,443,1F,1100 NANTICOKE ST,HOMICIDE,,FIREARM,932,SOUTHERN,Washington Village/Pigtow,-76.63133,39.2805,"(39.2805, -76.63133)",Dwelling,1
05/05/2018,2335,9S,600 N BENTALOU ST,SHOOTING,,FIREARM,721,WESTERN,Rosemont Homeowners/Tenan,-76.65329,39.2949,"(39.2949, -76.65329)",Street,1
05/05/2018,1806,1F,100 S EDEN ST,HOMICIDE,,FIREARM,212,SOUTHEASTERN,Washington Hill,-76.59865,39.29004,"(39.29004, -76.59865)",,1
05/05/2018,1806,9S,100 S EDEN ST,SHOOTING,,FIREARM,212,SOUTHEASTERN,Washington Hill,-76.59865,39.29004,"(39.29004, -76.59865)",,1
05/05/2018,1335,9S,0 S Payson St,SHOOTING,,FIREARM,842,SOUTHWESTERN,Boyd-Booth,-76.6486,39.28767,"(39.28767, -76.6486)",Street,1
05/03/2018,2253,9S,1200 WASHINGTON BLVD,SHOOTING,,FIREARM,932,SOUTHERN,Washington Village/Pigtow,-76.63424,39.2816,"(39.2816, -76.63424)",Street,1
05/03/2018,1540,9S,3200 MC TEAGUE ST,SHOOTING,,FIREARM,842,SOUTHWESTERN,Carroll-South Hilton,-76.67054,39.28165,"(39.28165, -76.67054)",Street,1
05/03/2018,1540,9S,3200 MC TEAGUE ST,SHOOTING,,FIREARM,842,SOUTHWESTERN,Carroll-South Hilton,-76.67054,39.28165,"(39.28165, -76.67054)",Street,1
05/03/2018,1351,1F,2600 QUANTICO AV,HOMICIDE,,FIREARM,533,NORTHERN,Greenspring,-76.66128,39.33793,"(39.33793, -76.66128)",Street,1
05/02/2018,1653,9S,2700 REISTERSTOWN RD,SHOOTING,,FIREARM,611,NORTHWESTERN,Liberty Square,-76.65284,39.31874,"(39.31874, -76.65284)",Alley,1
05/02/2018,1300,9S,0 W 20TH ST,SHOOTING,,FIREARM,141,NORTHERN,Charles North,-76.61703,39.31218,"(39.31218, -76.61703)",Street,1
05/01/2018,1550,1K,5900 YORK RD,HOMICIDE,,KNIFE,523,NORTHERN,Rosebank,-76.60997,39.36454,"(39.36454, -76.60997)",Street,1
04/30/2018,2336,9S,5200 FRANKFORD AV,SHOOTING,,FIREARM,444,NORTHEASTERN,Frankford,-76.54099,39.32589,"(39.32589, -76.54099)",Street,1
04/30/2018,2336,9S,5200 FRANKFORD AV,SHOOTING,,FIREARM,444,NORTHEASTERN,Frankford,-76.54099,39.32589,"(39.32589, -76.54099)",Street,1
04/29/2018,1934,9S,2500 W FRANKLIN ST,SHOOTING,,FIREARM,842,WESTERN,Penrose/Fayette Street Ou,-76.65679,39.29329,"(39.29329, -76.65679)",Parking Lo,1
04/29/2018,1115,9S,700 N PATTERSON PARK AV,SHOOTING,,FIREARM,321,EASTERN,Middle East,-76.58517,39.29878,"(39.29878, -76.58517)",Street,1
04/28/2018,2134,1F,1400 E PRESTON ST,HOMICIDE,,FIREARM,343,EASTERN,Oliver,-76.59947,39.30518,"(39.30518, -76.59947)",Street,1
04/28/2018,2100,1F,700 N COLLINGTON AV,HOMICIDE,,FIREARM,321,EASTERN,Middle East,-76.58672,39.29913,"(39.29913, -76.58672)",Street,1
04/28/2018,144,9S,1600 HAZEL ST,SHOOTING,,FIREARM,911,SOUTHERN,Curtis Bay,-76.58835,39.22608,"(39.22608, -76.58835)",Street,1
04/28/2018,144,9S,1600 HAZEL ST,SHOOTING,,FIREARM,911,SOUTHERN,Curtis Bay,-76.58835,39.22608,"(39.22608, -76.58835)",Street,1
04/27/2018,2107,9S,1100 N LUZERNE AV,SHOOTING,,FIREARM,323,EASTERN,Biddle Street,-76.58125,39.30411,"(39.30411, -76.58125)",Street,1
04/27/2018,1715,9S,2200 HARFORD RD,SHOOTING,,FIREARM,342,EASTERN,East Baltimore Midway,-76.59713,39.31508,"(39.31508, -76.59713)",Street,1
04/27/2018,1419,9S,400 N LINWOOD AV,SHOOTING,,FIREARM,221,SOUTHEASTERN,McElderry Park,-76.57647,39.29602,"(39.29602, -76.57647)",Street,1
04/27/2018,1236,9S,1400 ASHLAND AV,SHOOTING,,FIREARM,313,EASTERN,Gay Street,-76.5984,39.30038,"(39.30038, -76.5984)",Street,1
04/26/2018,2035,1F,2900 BELMONT AV,HOMICIDE,,FIREARM,813,SOUTHWESTERN,Northwest Community Actio,-76.66598,39.30352,"(39.30352, -76.66598)",Street,1
04/26/2018,1933,9S,3100 BAKER ST,SHOOTING,,FIREARM,813,SOUTHWESTERN,Rosemont,-76.66936,39.30585,"(39.30585, -76.66936)",Street,1
04/26/2018,1931,9S,3600 OLD YORK RD,SHOOTING,,FIREARM,543,NORTHERN,Waverly,-76.60789,39.33238,"(39.33238, -76.60789)",Public Are,1
04/26/2018,1807,9S,1600 E LANVALE ST,SHOOTING,,FIREARM,343,EASTERN,Oliver,-76.59643,39.30955,"(39.30955, -76.59643)",Street,1
04/26/2018,1807,9S,1600 E LANVALE ST,SHOOTING,,FIREARM,343,EASTERN,Oliver,-76.59643,39.30955,"(39.30955, -76.59643)",Street,1
04/26/2018,1807,9S,1600 E LANVALE ST,SHOOTING,,FIREARM,343,EASTERN,Oliver,-76.59643,39.30955,"(39.30955, -76.59643)",Street,1
04/26/2018,1726,1F,2600 SHIRLEY AV,HOMICIDE,,FIREARM,533,NORTHERN,Greenspring,-76.66135,39.33504,"(39.33504, -76.66135)",Street,1
04/26/2018,1350,9S,600 RICHWOOD AV,SHOOTING,,FIREARM,524,NORTHERN,Richnor Springs,-76.60751,39.34682,"(39.34682, -76.60751)",Street,1
04/26/2018,1201,9S,1100 W CROSS ST,SHOOTING,,FIREARM,932,SOUTHERN,Washington Village/Pigtow,-76.63041,39.28132,"(39.28132, -76.63041)",Alley,1
04/26/2018,411,9S,800 GLADE CT,SHOOTING,,FIREARM,913,SOUTHERN,Brooklyn,-76.60071,39.2296,"(39.2296, -76.60071)",Street,1
04/25/2018,1920,1F,1600 CHURCH ST,HOMICIDE,,FIREARM,911,SOUTHERN,Curtis Bay,-76.58771,39.22303,"(39.22303, -76.58771)",Street,1
04/24/2018,421,9S,1200 W CROSS ST,SHOOTING,,FIREARM,932,SOUTHERN,Washington Village/Pigtow,-76.63155,39.28212,"(39.28212, -76.63155)",Alley,1
04/23/2018,2225,9S,4200 FAIRFAX RD,SHOOTING,,FIREARM,641,NORTHWESTERN,West Forest Park,-76.68809,39.32034,"(39.32034, -76.68809)",Street,1
04/23/2018,106,9S,900 N MONROE ST,SHOOTING,,FIREARM,722,WESTERN,Midtown-Edmondson,-76.64757,39.29912,"(39.29912, -76.64757)",Street,1
04/22/2018,2246,9S,4300 NICHOLAS AV,SHOOTING,,FIREARM,442,NORTHEASTERN,Belair-Edison,-76.56246,39.32795,"(39.32795, -76.56246)",Street,1
04/22/2018,2246,9S,4300 NICHOLAS AV,SHOOTING,,FIREARM,442,NORTHEASTERN,Belair-Edison,-76.56246,39.32795,"(39.32795, -76.56246)",Street,1
04/22/2018,2002,9S,3300 BELAIR RD,SHOOTING,,FIREARM,432,NORTHEASTERN,Belair-Edison,-76.57357,39.32171,"(39.32171, -76.57357)",Street,1
04/22/2018,2002,9S,3300 BELAIR RD,SHOOTING,,FIREARM,432,NORTHEASTERN,Belair-Edison,-76.57357,39.32171,"(39.32171, -76.57357)",Street,1
04/22/2018,654,1F,2300 DRUID HILL AV,HOMICIDE,,FIREARM,733,WESTERN,Penn North,-76.63901,39.31119,"(39.31119, -76.63901)",Street,1
04/22/2018,131,9S,400 S CONKLING ST,SHOOTING,,FIREARM,231,SOUTHEASTERN,Highlandtown,-76.56725,39.28754,"(39.28754, -76.56725)",Street,1
04/21/2018,1651,9S,1500 CARSWELL ST,SHOOTING,,FIREARM,411,NORTHEASTERN,Coldstream Homestead Mont,-76.59646,39.32329,"(39.32329, -76.59646)",Street,1
04/21/2018,148,1F,6100 FORTVIEW WY,HOMICIDE,,FIREARM,243,SOUTHEASTERN,O'Donnell Heights,-76.5424,39.27772,"(39.27772, -76.5424)",Street,1
04/20/2018,2144,9S,3100 BENSON AV,SHOOTING,,FIREARM,832,SOUTHWESTERN,Wilhelm Park,-76.66544,39.27387,"(39.27387, -76.66544)",Street,1
04/20/2018,1833,1K,3500 3RD ST,HOMICIDE,,KNIFE,913,SOUTHERN,Brooklyn,-76.60607,39.23973,"(39.23973, -76.60607)",Street,1
04/20/2018,1037,1F,1500 MADISON AV,HOMICIDE,,FIREARM,132,CENTRAL,Madison Park,-76.62914,39.30481,"(39.30481, -76.62914)",,1
04/19/2018,1145,9S,4200 SHELDON AV,SHOOTING,,FIREARM,442,NORTHEASTERN,Belair-Edison,-76.56462,39.32861,"(39.32861, -76.56462)",Street,1
04/19/2018,1104,1F,1700 N REGESTER ST,HOMICIDE,,FIREARM,331,EASTERN,Broadway East,-76.59406,39.31007,"(39.31007, -76.59406)",,1
04/19/2018,1104,9S,1700 N REGESTER ST,SHOOTING,,FIREARM,331,EASTERN,Broadway East,-76.59406,39.31007,"(39.31007, -76.59406)",,1
04/19/2018,0149 01:49,9S,1400 UNION AV,SHOOTING,,FIREARM,531,NORTHERN,Hampden,-76.63906,39.33254,"(39.33254, -76.63906)",Street,1
04/18/2018,2237,9S,800 N KENWOOD AV,SHOOTING,,FIREARM,323,EASTERN,Madison-Eastend,-76.57818,39.30018,"(39.30018, -76.57818)",Street,1
04/18/2018,2034,1F,700 E 43RD ST,HOMICIDE,,FIREARM,524,NORTHERN,Wilson Park,-76.60614,39.34197,"(39.34197, -76.60614)",,1
04/18/2018,1912,9S,4700 ALHAMBRA AV,SHOOTING,,FIREARM,524,NORTHERN,Wrenlane,-76.60736,39.34464,"(39.34464, -76.60736)",Street,1
04/18/2018,1401,1F,1900 PENROSE AV,HOMICIDE,,FIREARM,714,WESTERN,Penrose/Fayette Street Ou,-76.64772,39.29129,"(39.29129, -76.64772)",Street,1
04/18/2018,1353,1F,1000 W LOMBARD ST,HOMICIDE,,FIREARM,931,SOUTHERN,Hollins Market,-76.63378,39.28679,"(39.28679, -76.63378)",Street,1
04/17/2018,2122,1F,800 HERNDON CT,HOMICIDE,,FIREARM,913,SOUTHERN,Brooklyn,-76.60165,39.22985,"(39.22985, -76.60165)",Dwelling,1
04/17/2018,1715,9S,300 S SMALLWOOD ST,SHOOTING,,FIREARM,841,SOUTHWESTERN,Carrollton Ridge,-76.65121,39.28399,"(39.28399, -76.65121)",Street,1
04/17/2018,900,9S,3500 GREENMOUNT AV,SHOOTING,,FIREARM,542,NORTHERN,Guilford,-76.60949,39.33119,"(39.33119, -76.60949)",Street,1
04/17/2018,130,9S,200 N WARWICK AV,SHOOTING,,FIREARM,842,SOUTHWESTERN,Penrose/Fayette Street Ou,-76.65599,39.29081,"(39.29081, -76.65599)",Street,1
04/16/2018,2144,9S,800 E PRESTON ST,SHOOTING,,FIREARM,311,EASTERN,Johnston Square,-76.60651,39.30492,"(39.30492, -76.60651)",Street,1
04/16/2018,1600,1F,1700 E FEDERAL ST,HOMICIDE,,FIREARM,331,EASTERN,Broadway East,-76.59364,39.30855,"(39.30855, -76.59364)",Dwelling,1
04/16/2018,1600,1F,1700 E FEDERAL ST,HOMICIDE,,FIREARM,331,EASTERN,Broadway East,-76.59364,39.30855,"(39.30855, -76.59364)",Dwelling,1
04/15/2018,1352,1F,3800 W FRANKLIN ST,HOMICIDE,,FIREARM,843,SOUTHWESTERN,Allendale,-76.67964,39.29259,"(39.29259, -76.67964)",Street,1
04/14/2018,2338,9S,3500 NOBLE ST,SHOOTING,,FIREARM,223,SOUTHEASTERN,Baltimore Highlands,-76.56831,39.29312,"(39.29312, -76.56831)",Street,1
04/14/2018,2331,1F,3900 W MULBERRY ST,HOMICIDE,,FIREARM,843,SOUTHWESTERN,Allendale,-76.68162,39.29162,"(39.29162, -76.68162)",Dwelling,1
04/14/2018,2331,1F,3900 W MULBERRY ST,HOMICIDE,,FIREARM,843,SOUTHWESTERN,Allendale,-76.68162,39.29162,"(39.29162, -76.68162)",Dwelling,1
04/13/2018,2314,1F,3000 RAYNER AV,HOMICIDE,,FIREARM,814,SOUTHWESTERN,Franklintown Road,-76.66696,39.29648,"(39.29648, -76.66696)",Street,1
04/13/2018,2314,9S,3000 RAYNER AV,SHOOTING,,FIREARM,814,SOUTHWESTERN,Franklintown Road,-76.66696,39.29648,"(39.29648, -76.66696)",Street,1
04/13/2018,2243,1F,500 N EAST AV,HOMICIDE,,FIREARM,224,SOUTHEASTERN,Ellwood Park/Monument,-76.57218,39.29722,"(39.29722, -76.57218)",Street,1
04/13/2018,2243,9S,500 N EAST AV,SHOOTING,,FIREARM,224,SOUTHEASTERN,Ellwood Park/Monument,-76.57218,39.29722,"(39.29722, -76.57218)",Street,1
04/13/2018,2235,9S,3800 W BELVEDERE AV,SHOOTING,,FIREARM,633,NORTHWESTERN,Arlington,-76.68153,39.34523,"(39.34523, -76.68153)",Parking Lo,1
04/13/2018,2103,9S,1700 N CALHOUN ST,SHOOTING,,FIREARM,742,WESTERN,Sandtown-Winchester,-76.64371,39.30812,"(39.30812, -76.64371)",Street,1
04/13/2018,1948,9S,3200 PHELPS LA,SHOOTING,,FIREARM,842,SOUTHWESTERN,Carroll-South Hilton,-76.6716,39.28699,"(39.28699, -76.6716)",Street,1
04/13/2018,1948,9S,3200 PHELPS LA,SHOOTING,,FIREARM,842,SOUTHWESTERN,Carroll-South Hilton,-76.6716,39.28699,"(39.28699, -76.6716)",Street,1
04/13/2018,1005,9S,300 N STRICKER ST,SHOOTING,,FIREARM,711,WESTERN,Franklin Square,-76.64122,39.29221,"(39.29221, -76.64122)",Street,1
04/12/2018,2137,1F,1000 HOLLINS ST,HOMICIDE,,FIREARM,931,SOUTHERN,Hollins Market,-76.63429,39.2877,"(39.2877, -76.63429)",Dwelling,1
04/12/2018,1758,9S,1700 RUXTON AV,SHOOTING,,FIREARM,723,WESTERN,Coppin Heights/Ash-Co-Eas,-76.65503,39.30774,"(39.30774, -76.65503)",Street,1
04/12/2018,1758,9S,1700 RUXTON AV,SHOOTING,,FIREARM,723,WESTERN,Coppin Heights/Ash-Co-Eas,-76.65503,39.30774,"(39.30774, -76.65503)",Street,1
04/12/2018,1654,1F,1400 CARROLL ST,HOMICIDE,,FIREARM,932,SOUTHERN,Washington Village/Pigtow,-76.63627,39.2783,"(39.2783, -76.63627)",Dwelling,1
04/12/2018,1444,1F,1600 MORELAND AV,HOMICIDE,,FIREARM,723,WESTERN,Coppin Heights/Ash-Co-Eas,-76.65581,39.30651,"(39.30651, -76.65581)",Street,1
04/11/2018,2039,9S,3300 W BALTIMORE ST,SHOOTING,,FIREARM,842,SOUTHWESTERN,Saint Josephs,-76.67245,39.28583,"(39.28583, -76.67245)",Street,1
04/10/2018,2020,9S,1400 E PRESTON ST,SHOOTING,,FIREARM,343,EASTERN,Oliver,-76.59947,39.30518,"(39.30518, -76.59947)",Street,1
04/10/2018,2020,9S,1400 E PRESTON ST,SHOOTING,,FIREARM,343,EASTERN,Oliver,-76.59947,39.30518,"(39.30518, -76.59947)",Street,1
04/08/2018,1819,9S,800 HARFORD CT,SHOOTING,,FIREARM,312,EASTERN,Oldtown,-76.60512,39.29903,"(39.29903, -76.60512)",Street,1
04/07/2018,2359,1F,1900 EDMONDSON AV,HOMICIDE,,FIREARM,722,WESTERN,Midtown-Edmondson,-76.64744,39.29512,"(39.29512, -76.64744)",Street,1
04/07/2018,2318,1F,2300 JEFFERSON ST,HOMICIDE,,FIREARM,221,SOUTHEASTERN,McElderry Park,-76.58418,39.29667,"(39.29667, -76.58418)",Street,1
04/07/2018,2044,9S,900 E PATAPSCO AV,SHOOTING,,FIREARM,912,SOUTHERN,Fairfield Area,-76.59756,39.23487,"(39.23487, -76.59756)",Street,1
04/07/2018,1458,9S,500 E COLD SPRING LA,SHOOTING,,FIREARM,524,NORTHERN,Richnor Springs,-76.60946,39.34618,"(39.34618, -76.60946)",Street,1
04/07/2018,301,1F,1500 W BALTIMORE ST,HOMICIDE,,FIREARM,711,WESTERN,Franklin Square,-76.64119,39.28845,"(39.28845, -76.64119)",Street,1
04/05/2018,2155,1F,1600 E 25TH ST,HOMICIDE,,FIREARM,342,EASTERN,Darley Park,-76.59535,39.31666,"(39.31666, -76.59535)",Street,1
04/05/2018,412,1F,3400 HILLDALE PL,HOMICIDE,,FIREARM,612,NORTHWESTERN,Park Circle,-76.65672,39.329,"(39.329, -76.65672)",,1
04/04/2018,1145,1F,0 GORMAN AV,HOMICIDE,,FIREARM,714,WESTERN,Penrose/Fayette Street Ou,-76.65369,39.28858,"(39.28858, -76.65369)",Dwelling,1
04/04/2018,1145,1F,0 GORMAN AV,HOMICIDE,,FIREARM,714,WESTERN,Penrose/Fayette Street Ou,-76.65369,39.28858,"(39.28858, -76.65369)",Dwelling,1
04/04/2018,551,9S,5000 LAUREL AV,SHOOTING,,FIREARM,532,NORTHERN,Levindale,-76.66577,39.35073,"(39.35073, -76.66577)",Street,1
04/03/2018,1406,9S,2100 AIKEN ST,SHOOTING,,FIREARM,342,EASTERN,East Baltimore Midway,-76.6006,39.31395,"(39.31395, -76.6006)",Street,1
04/03/2018,1406,9S,2100 AIKEN ST,SHOOTING,,FIREARM,342,EASTERN,East Baltimore Midway,-76.6006,39.31395,"(39.31395, -76.6006)",Vehicle,1
04/03/2018,1406,9S,2100 AIKEN ST,SHOOTING,,FIREARM,342,EASTERN,East Baltimore Midway,-76.6006,39.31395,"(39.31395, -76.6006)",Vehicle,1
04/02/2018,1638,1F,2300 BRYANT AV,HOMICIDE,,FIREARM,732,WESTERN,Parkview/Woodbrook,-76.64861,39.31694,"(39.31694, -76.64861)",Street,1
04/02/2018,1638,9S,2300 BRYANT AV,SHOOTING,,FIREARM,732,WESTERN,Parkview/Woodbrook,-76.64861,39.31694,"(39.31694, -76.64861)",Street,1
04/02/2018,855,1O,5400 PLAINFIELD AV,HOMICIDE,,OTHER,444,NORTHEASTERN,Frankford,-76.546,39.33518,"(39.33518, -76.546)",Dwelling,1
04/02/2018,336,1F,5700 MORAVIA RD,HOMICIDE,,FIREARM,443,NORTHEASTERN,Frankford,-76.54723,39.31961,"(39.31961, -76.54723)",Street,1
04/01/2018,1945,9S,2900 BELMONT AV,SHOOTING,,FIREARM,813,SOUTHWESTERN,Northwest Community Actio,-76.66598,39.30352,"(39.30352, -76.66598)",Street,1
04/01/2018,447,9S,5000 HARFORD RD,SHOOTING,,FIREARM,426,NORTHEASTERN,Lauraville,-76.56585,39.34717,"(39.34717, -76.56585)",Street,1
03/31/2018,116,1F,2600 LOYOLA SOUTHWAY,HOMICIDE,,FIREARM,533,NORTHERN,Greenspring,-76.66198,39.33695,"(39.33695, -76.66198)",Dwelling,1
03/31/2018,116,1F,2600 LOYOLA SOUTHWAY,HOMICIDE,,FIREARM,533,NORTHERN,Greenspring,-76.66198,39.33695,"(39.33695, -76.66198)",Dwelling,1
03/30/2018,2246,9S,300 BROADMOOR RD,SHOOTING,,FIREARM,523,NORTHERN,Homeland,-76.61514,39.35525,"(39.35525, -76.61514)",Street,1
03/30/2018,2246,9S,300 BROADMOOR RD,SHOOTING,,FIREARM,523,NORTHERN,Homeland,-76.61514,39.35525,"(39.35525, -76.61514)",Street,1
03/30/2018,316,9S,5200 BARBARA AV,SHOOTING,,FIREARM,443,NORTHEASTERN,Frankford,-76.5478,39.3312,"(39.3312, -76.5478)",Street,1
03/29/2018,250,9S,400 E BALTIMORE ST,SHOOTING,,FIREARM,111,CENTRAL,Downtown,-76.61015,39.28976,"(39.28976, -76.61015)",Street,1
03/28/2018,2210,1F,1700 N PAYSON ST,HOMICIDE,,FIREARM,741,WESTERN,Easterwood,-76.64982,39.30793,"(39.30793, -76.64982)",Street,1
03/28/2018,2209,1F,1600 CLIFTVIEW AV,HOMICIDE,,FIREARM,342,EASTERN,Darley Park,-76.59558,39.31524,"(39.31524, -76.59558)",Street,1
03/28/2018,1812,1K,4600 HARFORD RD,HOMICIDE,,KNIFE,422,NORTHEASTERN,Lauraville,-76.56993,39.34234,"(39.34234, -76.56993)",Dwelling,1
03/27/2018,2235,9S,400 N ROSE ST,SHOOTING,,FIREARM,221,SOUTHEASTERN,McElderry Park,-76.58144,39.2957,"(39.2957, -76.58144)",Street,1
03/27/2018,2143,9S,1200 WINCHESTER ST,SHOOTING,,FIREARM,743,WESTERN,Sandtown-Winchester,-76.63755,39.30252,"(39.30252, -76.63755)",Street,1
03/27/2018,415,9S,6300 MC CLEAN BLVD,SHOOTING,,FIREARM,423,NORTHEASTERN,Hamilton Hills,-76.56873,39.36313,"(39.36313, -76.56873)",Street,1
03/27/2018,415,9S,6300 MC CLEAN BLVD,SHOOTING,,FIREARM,423,NORTHEASTERN,Hamilton Hills,-76.56873,39.36313,"(39.36313, -76.56873)",Street,1
03/25/2018,1749,9S,1800 BRADDISH AV,SHOOTING,,FIREARM,723,WESTERN,Coppin Heights/Ash-Co-Eas,-76.66105,39.3084,"(39.3084, -76.66105)",Public Are,1
03/25/2018,1533,1F,5300 DENMORE AV,HOMICIDE,,FIREARM,633,NORTHWESTERN,Arlington,-76.68025,39.3493,"(39.3493, -76.68025)",Street,1
03/24/2018,1644,9S,600 ALLENDALE ST,SHOOTING,,FIREARM,844,SOUTHWESTERN,Edgewood,-76.67845,39.29446,"(39.29446, -76.67845)",Public Are,1
03/24/2018,1644,9S,600 ALLENDALE ST,SHOOTING,,FIREARM,844,SOUTHWESTERN,Edgewood,-76.67845,39.29446,"(39.29446, -76.67845)",Public Are,1
03/24/2018,101,9S,0 N HILTON ST,SHOOTING,,FIREARM,842,SOUTHWESTERN,Carroll-South Hilton,-76.67228,39.2859,"(39.2859, -76.67228)",Street,1
03/23/2018,1150,9S,0 S CAREY ST,SHOOTING,,FIREARM,931,WESTERN,Hollins Market,-76.63811,39.28851,"(39.28851, -76.63811)",Street,1
03/23/2018,1150,9S,0 S CAREY ST,SHOOTING,,FIREARM,931,WESTERN,Hollins Market,-76.63811,39.28851,"(39.28851, -76.63811)",Street,1
03/22/2018,1501,9S,400 DOLPHIN ST,SHOOTING,,FIREARM,123,CENTRAL,Upton,-76.62612,39.30221,"(39.30221, -76.62612)",Street,1
03/21/2018,2340,1F,200 S GILMOR ST,HOMICIDE,,FIREARM,935,SOUTHERN,New Southwest/Mount Clare,-76.64223,39.28518,"(39.28518, -76.64223)",Dwelling,1
03/21/2018,1654,9S,900 N FRANKLINTOWN RD,SHOOTING,,FIREARM,814,SOUTHWESTERN,Franklintown Road,-76.66734,39.29747,"(39.29747, -76.66734)",Street,1
03/20/2018,2249,9S,300 S CALHOUN ST,SHOOTING,,FIREARM,935,SOUTHERN,New Southwest/Mount Clare,-76.63935,39.28434,"(39.28434, -76.63935)",Common Bus,1
03/20/2018,2231,1F,3900 HILTON RD,HOMICIDE,,FIREARM,643,NORTHWESTERN,East Arlington,-76.66867,39.32984,"(39.32984, -76.66867)",Street,1
03/20/2018,2003,9S,1500 POPLAND ST,SHOOTING,,FIREARM,911,SOUTHERN,Curtis Bay,-76.58967,39.22909,"(39.22909, -76.58967)",Street,1
03/20/2018,1639,9S,1400 MC CULLOH ST,SHOOTING,,FIREARM,123,CENTRAL,Upton,-76.62895,39.30345,"(39.30345, -76.62895)",Street,1
03/20/2018,902,9S,2500 EMERSON ST,SHOOTING,,FIREARM,842,SOUTHWESTERN,Shipley Hill,-76.65675,39.28523,"(39.28523, -76.65675)",Vacant Dwe,1
03/19/2018,2200,1F,2300 WESTWOOD AV,HOMICIDE,,FIREARM,723,WESTERN,Coppin Heights/Ash-Co-Eas,-76.65412,39.3086,"(39.3086, -76.65412)",Street,1
03/18/2018,2312,9S,1500 SPRUCE ST,SHOOTING,,FIREARM,911,SOUTHERN,Curtis Bay,-76.58989,39.22985,"(39.22985, -76.58989)",Alley,1
03/18/2018,2147,1F,1800 MC CULLOH ST,HOMICIDE,,FIREARM,131,CENTRAL,Druid Heights,-76.63284,39.30658,"(39.30658, -76.63284)",Street,1
03/18/2018,1900,9S,700 N LONGWOOD ST,SHOOTING,,FIREARM,814,SOUTHWESTERN,Franklintown Road,-76.6668,39.29549,"(39.29549, -76.6668)",Street,1
03/18/2018,1900,9S,700 N LONGWOOD ST,SHOOTING,,FIREARM,814,SOUTHWESTERN,Franklintown Road,-76.6668,39.29549,"(39.29549, -76.6668)",Street,1
03/18/2018,1655,9S,3400 BELAIR RD,SHOOTING,,FIREARM,432,NORTHEASTERN,Belair-Edison,-76.57261,39.32243,"(39.32243, -76.57261)",Street,1
03/18/2018,1641,9S,1300 N MILTON AV,SHOOTING,,FIREARM,331,EASTERN,Broadway East,-76.58279,39.30626,"(39.30626, -76.58279)",Street,1
03/18/2018,1223,9S,300 S FRANKLINTOWN RD,SHOOTING,,FIREARM,842,SOUTHWESTERN,Shipley Hill,-76.65765,39.28359,"(39.28359, -76.65765)",Alley,1
03/16/2018,1625,9S,3700 2ND ST,SHOOTING,,FIREARM,913,SOUTHERN,Brooklyn,-76.60917,39.23711,"(39.23711, -76.60917)",Alley,1
03/16/2018,1255,1F,2800 HILLEN RD,HOMICIDE,,FIREARM,411,NORTHEASTERN,Coldstream Homestead Mont,-76.58867,39.32298,"(39.32298, -76.58867)",Street,1
03/16/2018,901,9S,200 E UNIVERSITY PKWY,SHOOTING,,FIREARM,512,NORTHERN,Charles Village,-76.61496,39.3307,"(39.3307, -76.61496)",Street,1
03/14/2018,2200,9S,4600 MARBLE HALL RD,SHOOTING,,FIREARM,413,NORTHEASTERN,New Northwood,-76.59699,39.34669,"(39.34669, -76.59699)",Street,1
03/13/2018,2158,1K,4200 SEIDEL AV,HOMICIDE,,KNIFE,443,NORTHEASTERN,Frankford,-76.5631,39.32986,"(39.32986, -76.5631)",Dwelling,1
03/13/2018,1500,9S,2500 Mc Henry St,SHOOTING,,FIREARM,842,SOUTHWESTERN,Shipley Hill,-76.65613,39.28386,"(39.28386, -76.65613)",Street,1
03/13/2018,1500,9S,2500 Mc Henry St,SHOOTING,,FIREARM,842,SOUTHWESTERN,Shipley Hill,-76.65613,39.28386,"(39.28386, -76.65613)",Street,1
03/12/2018,2345,9S,1900 PENROSE AV,SHOOTING,,FIREARM,714,WESTERN,Penrose/Fayette Street Ou,-76.64772,39.29129,"(39.29129, -76.64772)",Vehicle,1
03/12/2018,2345,9S,1800 ORLEANS ST,SHOOTING,,FIREARM,321,EASTERN,Dunbar-Broadway,-76.59129,39.29529,"(39.29529, -76.59129)",Street,1
03/12/2018,2345,9S,1900 PENROSE AV,SHOOTING,,FIREARM,714,WESTERN,Penrose/Fayette Street Ou,-76.64772,39.29129,"(39.29129, -76.64772)",Vehicle,1
03/12/2018,2345,9S,1900 PENROSE AV,SHOOTING,,FIREARM,714,WESTERN,Penrose/Fayette Street Ou,-76.64772,39.29129,"(39.29129, -76.64772)",Vehicle,1
03/12/2018,2150,9S,2300 BRYANT AV,SHOOTING,,FIREARM,732,WESTERN,Parkview/Woodbrook,-76.64861,39.31694,"(39.31694, -76.64861)",Street,1
03/12/2018,2114,9S,100 ALLENDALE ST,SHOOTING,,FIREARM,843,SOUTHWESTERN,Allendale,-76.67817,39.28942,"(39.28942, -76.67817)",Street,1
03/12/2018,2114,9S,100 ALLENDALE ST,SHOOTING,,FIREARM,843,SOUTHWESTERN,Allendale,-76.67817,39.28942,"(39.28942, -76.67817)",Street,1
03/12/2018,2114,9S,100 ALLENDALE ST,SHOOTING,,FIREARM,843,SOUTHWESTERN,Allendale,-76.67817,39.28942,"(39.28942, -76.67817)",Street,1
03/11/2018,59,9S,400 E BALTIMORE ST,SHOOTING,,FIREARM,111,CENTRAL,Downtown,-76.60964,39.28972,"(39.28972, -76.60964)",Street,1
03/10/2018,1322,9S,400 PRESSTMAN ST,SHOOTING,,FIREARM,131,CENTRAL,Druid Heights,-76.63388,39.30862,"(39.30862, -76.63388)",Street,1
03/10/2018,1315,1F,300 N MONROE ST,HOMICIDE,,FIREARM,714,WESTERN,Penrose/Fayette Street Ou,-76.64718,39.29206,"(39.29206, -76.64718)",Street,1
03/10/2018,259,9S,1300 CROFTON RD,SHOOTING,,FIREARM,413,NORTHEASTERN,New Northwood,-76.59503,39.34684,"(39.34684, -76.59503)",Street,1
03/09/2018,2053,1F,600 GUTMAN AV,HOMICIDE,,FIREARM,342,EASTERN,East Baltimore Midway,-76.6072,39.31765,"(39.31765, -76.6072)",Street,1
03/09/2018,2003,9S,1200 GREENMOUNT AV,SHOOTING,,FIREARM,311,EASTERN,Johnston Square,-76.60798,39.30384,"(39.30384, -76.60798)",Street,1
03/09/2018,148,9S,600 APPLETON ST,SHOOTING,,FIREARM,722,WESTERN,Midtown-Edmondson,-76.64818,39.29556,"(39.29556, -76.64818)",Dwelling,1
03/08/2018,1431,1F,1100 E NORTH AV,HOMICIDE,,FIREARM,342,EASTERN,East Baltimore Midway,-76.60298,39.31179,"(39.31179, -76.60298)",Parking Lo,1
03/08/2018,1431,9S,1100 E NORTH AV,SHOOTING,,FIREARM,342,EASTERN,East Baltimore Midway,-76.60298,39.31179,"(39.31179, -76.60298)",Parking Lo,1
03/07/2018,2330,9S,2100 VINE ST,SHOOTING,,FIREARM,714,WESTERN,Penrose/Fayette Street Ou,-76.65086,39.28992,"(39.28992, -76.65086)",Street,1
03/07/2018,2107,9S,900 WHITELOCK ST,SHOOTING,,FIREARM,133,CENTRAL,Reservoir Hill,-76.63269,39.31445,"(39.31445, -76.63269)",Street,1
03/07/2018,1420,9S,2500 SHIRLEY AV,SHOOTING,,FIREARM,533,NORTHERN,Greenspring,-76.66026,39.3355,"(39.3355, -76.66026)",Street,1
03/07/2018,1112,9S,2700 ORLEANS ST,SHOOTING,,FIREARM,221,SOUTHEASTERN,McElderry Park,-76.57884,39.2958,"(39.2958, -76.57884)",Street,1
03/06/2018,59,9S,1900 N FULTON AV,SHOOTING,,FIREARM,731,WESTERN,Mondawmin,-76.64657,39.31036,"(39.31036, -76.64657)",Street,1
03/05/2018,2350,9S,1000 PENNSYLVANIA AV,SHOOTING,,FIREARM,123,CENTRAL,Upton,-76.6278,39.29804,"(39.29804, -76.6278)",Street,1
03/05/2018,1105,1F,1900 WILKENS AV,HOMICIDE,,FIREARM,934,SOUTHERN,Carrollton Ridge,-76.64678,39.28209,"(39.28209, -76.64678)",Street,1
03/04/2018,1434,1F,1100 HOMESTEAD ST,HOMICIDE,,FIREARM,513,NORTHERN,Better Waverly,-76.60221,39.32472,"(39.32472, -76.60221)",Dwelling,1
03/02/2018,1218,9S,2500 PENNSYLVANIA AV,SHOOTING,,FIREARM,733,WESTERN,Penn North,-76.64277,39.31033,"(39.31033, -76.64277)",Parking Lo,1
02/28/2018,2014,9S,1700 N PORT ST,SHOOTING,,FIREARM,331,EASTERN,Broadway East,-76.58373,39.31015,"(39.31015, -76.58373)",Street,1
02/28/2018,1929,9S,5500 BOWLEYS LA,SHOOTING,,FIREARM,443,NORTHEASTERN,Frankford,-76.55172,39.31923,"(39.31923, -76.55172)",Street,1
02/27/2018,1859,9S,2800 REISTERSTOWN RD,SHOOTING,,FIREARM,611,NORTHWESTERN,Liberty Square,-76.65387,39.32015,"(39.32015, -76.65387)",Street,1
02/27/2018,1859,9S,2800 REISTERSTOWN RD,SHOOTING,,FIREARM,611,NORTHWESTERN,Liberty Square,-76.65387,39.32015,"(39.32015, -76.65387)",Street,1
02/27/2018,1840,1F,5600 LOTHIAN RD,HOMICIDE,,FIREARM,523,NORTHERN,Mid-Govans,-76.60161,39.35787,"(39.35787, -76.60161)",Street,1
02/27/2018,245,1O,1200 E BELVEDERE AV,HOMICIDE,,OTHER,414,NORTHEASTERN,Ramblewood,-76.59325,39.3608,"(39.3608, -76.59325)",Dwelling,1
02/26/2018,1856,1F,3000 MAYFIELD AV,HOMICIDE,,FIREARM,432,NORTHEASTERN,Belair-Edison,-76.57259,39.32233,"(39.32233, -76.57259)",Street,1
02/26/2018,1834,1F,4100 6TH ST,HOMICIDE,,FIREARM,913,SOUTHERN,Brooklyn,-76.60237,39.22993,"(39.22993, -76.60237)",Dwelling,1
02/26/2018,1834,9S,4100 6TH ST,SHOOTING,,FIREARM,913,SOUTHERN,Brooklyn,-76.60237,39.22993,"(39.22993, -76.60237)",Dwelling,1
02/26/2018,257,9S,1200 E EAGER ST,SHOOTING,,FIREARM,311,EASTERN,Johnston Square,-76.60197,39.3016,"(39.3016, -76.60197)",Street,1
02/25/2018,1658,1F,5100 PARK HEIGHTS AV,HOMICIDE,,FIREARM,614,NORTHWESTERN,Central Park Heights,-76.67491,39.34843,"(39.34843, -76.67491)",Street,1
02/25/2018,1658,1F,5100 PARK HEIGHTS AV,HOMICIDE,,FIREARM,614,NORTHWESTERN,Central Park Heights,-76.67491,39.34843,"(39.34843, -76.67491)",Street,1
02/25/2018,1658,9S,5100 PARK HEIGHTS AV,SHOOTING,,FIREARM,614,NORTHWESTERN,Central Park Heights,-76.67491,39.34843,"(39.34843, -76.67491)",Street,1
02/25/2018,1545,9S,4400 PARK HEIGHTS AV,SHOOTING,,FIREARM,614,NORTHWESTERN,Central Park Heights,-76.66656,39.33972,"(39.33972, -76.66656)",Street,1
02/21/2018,2100,1F,200 N PAYSON ST,HOMICIDE,,FIREARM,714,WESTERN,Penrose/Fayette Street Ou,-76.64884,39.29055,"(39.29055, -76.64884)",Street,1
02/21/2018,2010,1F,3800 OAKFORD AV,HOMICIDE,,FIREARM,642,NORTHWESTERN,Dolfield,-76.67962,39.33612,"(39.33612, -76.67962)",Street,1
02/21/2018,1956,9S,100 N MOUNT ST,SHOOTING,,FIREARM,711,WESTERN,Franklin Square,-76.64391,39.28964,"(39.28964, -76.64391)",Street,1
02/21/2018,1326,1F,500 MC MECHEN ST,HOMICIDE,,FIREARM,123,CENTRAL,Upton,-76.63157,39.30435,"(39.30435, -76.63157)",Street,1
02/19/2018,2013,9S,1500 N CAROLINE ST,SHOOTING,,FIREARM,343,EASTERN,Oliver,-76.59824,39.30758,"(39.30758, -76.59824)",Street,1
02/19/2018,1710,1F,3200 EASTERN AV,HOMICIDE,,FIREARM,232,SOUTHEASTERN,Canton,-76.5709,39.28644,"(39.28644, -76.5709)",Common Bus,1
02/19/2018,1710,9S,3200 EASTERN AV,SHOOTING,,FIREARM,232,SOUTHEASTERN,Canton,-76.5709,39.28644,"(39.28644, -76.5709)",Common Bus,1
02/19/2018,1710,9S,3200 EASTERN AV,SHOOTING,,FIREARM,232,SOUTHEASTERN,Canton,-76.5709,39.28644,"(39.28644, -76.5709)",Common Bus,1
02/19/2018,1706,9S,1100 STODDARD CT,SHOOTING,,FIREARM,123,CENTRAL,Upton,-76.62673,39.30078,"(39.30078, -76.62673)",Public Hou,1
02/18/2018,1050,9S,3700 REISTERSTOWN RD,SHOOTING,,FIREARM,612,NORTHWESTERN,Park Circle,-76.66134,39.33027,"(39.33027, -76.66134)",Street,1
02/17/2018,2324,1F,1700 N ELLAMONT ST,HOMICIDE,,FIREARM,813,SOUTHWESTERN,Rosemont,-76.67085,39.30717,"(39.30717, -76.67085)",Street,1
02/15/2018,2208,1F,4000 OLD YORK RD,HOMICIDE,,FIREARM,542,NORTHERN,Pen Lucy,-76.60761,39.33812,"(39.33812, -76.60761)",Public Are,1
02/15/2018,1857,9S,1300 N MONROE ST,SHOOTING,,FIREARM,743,WESTERN,Sandtown-Winchester,-76.64774,39.30323,"(39.30323, -76.64774)",Street,1
02/13/2018,2118,1F,6100 FRANKFORD AV,HOMICIDE,,FIREARM,444,NORTHEASTERN,Frankford,-76.54009,39.31883,"(39.31883, -76.54009)",Street,1
02/13/2018,1316,1F,3800 ELMLEY AV,HOMICIDE,,FIREARM,432,NORTHEASTERN,Belair-Edison,-76.56531,39.31775,"(39.31775, -76.56531)",Street,1
02/10/2018,2115,9S,400 E BALTIMORE ST,SHOOTING,,FIREARM,111,CENTRAL,Downtown,-76.61015,39.28976,"(39.28976, -76.61015)",Street,1
02/10/2018,1835,9S,100 FAGLEY ST,SHOOTING,,FIREARM,223,SOUTHEASTERN,Baltimore Highlands,-76.56462,39.29142,"(39.29142, -76.56462)",Street,1
02/10/2018,1200,9S,4000 BOARMAN AV,SHOOTING,,FIREARM,621,NORTHWESTERN,Dorchester,-76.68445,39.33423,"(39.33423, -76.68445)",Street,1
02/07/2018,1123,9S,2000 GWYNNS FALLS PKWY,SHOOTING,,FIREARM,731,WESTERN,Mondawmin,-76.65245,39.31578,"(39.31578, -76.65245)",Parking Lo,1
02/06/2018,2126,9S,900 N CALHOUN ST,SHOOTING,,FIREARM,743,WESTERN,Sandtown-Winchester,-76.64017,39.29905,"(39.29905, -76.64017)",Street,1
02/06/2018,1902,9S,500 DENISON ST,SHOOTING,,FIREARM,843,SOUTHWESTERN,Lower Edmondson Village,-76.6741,39.29288,"(39.29288, -76.6741)",Street,1
02/04/2018,1457,9S,500 N GLOVER ST,SHOOTING,,FIREARM,221,SOUTHEASTERN,McElderry Park,-76.5801,39.29721,"(39.29721, -76.5801)",Street,1
02/03/2018,1312,1F,1500 E LEXINGTON ST,HOMICIDE,,FIREARM,212,SOUTHEASTERN,Dunbar-Broadway,-76.59725,39.29363,"(39.29363, -76.59725)",Street,1
02/02/2018,1226,9S,1200 WOODBOURNE AV,SHOOTING,,FIREARM,523,NORTHERN,Cameron Village,-76.59787,39.35412,"(39.35412, -76.59787)",Vehicle,1
01/31/2018,2228,9S,900 W LEXINGTON ST,SHOOTING,,FIREARM,712,WESTERN,Poppleton,-76.6324,39.29106,"(39.29106, -76.6324)",Street,1
01/31/2018,1601,1F,3600 N FRANKLINTOWN RD,HOMICIDE,,FIREARM,821,SOUTHWESTERN,Gwynns Falls/Leakin Park,-76.67699,39.30479,"(39.30479, -76.67699)",Public Are,1
01/30/2018,2208,9S,4400 MARX AV,SHOOTING,,FIREARM,443,NORTHEASTERN,Frankford,-76.55745,39.33071,"(39.33071, -76.55745)",Street,1
01/30/2018,322,1F,4100 GROVELAND AV,HOMICIDE,,FIREARM,621,NORTHWESTERN,West Arlington,-76.68739,39.34078,"(39.34078, -76.68739)",Street,1
01/30/2018,322,9S,4100 GROVELAND AV,SHOOTING,,FIREARM,621,NORTHWESTERN,West Arlington,-76.68739,39.34078,"(39.34078, -76.68739)",Street,1
01/30/2018,322,9S,4100 GROVELAND AV,SHOOTING,,FIREARM,621,NORTHWESTERN,West Arlington,-76.68739,39.34078,"(39.34078, -76.68739)",Street,1
01/30/2018,211,9S,1800 N MOUNT ST,SHOOTING,,FIREARM,742,WESTERN,Sandtown-Winchester,-76.64497,39.30899,"(39.30899, -76.64497)",Alley,1
01/30/2018,55,9S,400 N LAKEWOOD AV,SHOOTING,,FIREARM,221,SOUTHEASTERN,McElderry Park,-76.57931,39.29592,"(39.29592, -76.57931)",Street,1
01/29/2018,1639,9S,5200 CUTHBERT AV,SHOOTING,,FIREARM,633,NORTHWESTERN,Arlington,-76.68086,39.34665,"(39.34665, -76.68086)",Street,1
01/29/2018,1639,9S,5200 CUTHBERT AV,SHOOTING,,FIREARM,633,NORTHWESTERN,Arlington,-76.68086,39.34665,"(39.34665, -76.68086)",Street,1
01/29/2018,1623,9S,1500 SHIELDS PL,SHOOTING,,FIREARM,123,CENTRAL,Upton,-76.63416,39.30095,"(39.30095, -76.63416)",Street,1
01/28/2018,1824,1F,1500 APPLETON ST,HOMICIDE,,FIREARM,741,WESTERN,Easterwood,-76.64875,39.30572,"(39.30572, -76.64875)",Vehicle,1
01/28/2018,1820,9S,3200 LEEDS ST,SHOOTING,,FIREARM,842,SOUTHWESTERN,Carroll-South Hilton,-76.67113,39.28308,"(39.28308, -76.67113)",Street,1
01/28/2018,304,9S,600 ASHBURTON ST,SHOOTING,,FIREARM,721,WESTERN,Mosher,-76.66145,39.29497,"(39.29497, -76.66145)",Street,1
01/27/2018,1857,1F,5300 CORDELIA AV,HOMICIDE,,FIREARM,633,NORTHWESTERN,Arlington,-76.68361,39.34768,"(39.34768, -76.68361)",Street,1
01/26/2018,1928,1O,1500 SPRUCE ST,HOMICIDE,,OTHER,911,SOUTHERN,Curtis Bay,-76.58941,39.22988,"(39.22988, -76.58941)",Dwelling,1
01/25/2018,2315,1F,1600 CLIFTVIEW AV,HOMICIDE,,FIREARM,342,EASTERN,Darley Park,-76.59558,39.31524,"(39.31524, -76.59558)",Vehicle,1
01/24/2018,2037,1F,1000 BILLIE HOLIDAY CT,HOMICIDE,,FIREARM,313,EASTERN,Gay Street,-76.59692,39.30216,"(39.30216, -76.59692)",Dwelling,1
01/24/2018,1904,9S,5300 FRANKFORD AV,SHOOTING,,FIREARM,444,NORTHEASTERN,Frankford,-76.54079,39.32441,"(39.32441, -76.54079)",Parking Lo,1
01/23/2018,1940,9S,500 E COLD SPRING LA,SHOOTING,,FIREARM,524,NORTHERN,Richnor Springs,-76.60946,39.34618,"(39.34618, -76.60946)",Street,1
01/23/2018,1251,1F,1300 DIVISION ST,HOMICIDE,,FIREARM,123,CENTRAL,Upton,-76.62973,39.30124,"(39.30124, -76.62973)",Vehicle,1
01/23/2018,1251,1F,1300 DIVISION ST,HOMICIDE,,FIREARM,123,CENTRAL,Upton,-76.62973,39.30124,"(39.30124, -76.62973)",Vehicle,1
01/22/2018,2232,1F,100 N FREMONT AV,HOMICIDE,,FIREARM,712,WESTERN,Poppleton,-76.62988,39.29068,"(39.29068, -76.62988)",Dwelling,1
01/21/2018,2255,9S,3600 ELLERSLIE AV,SHOOTING,,FIREARM,543,NORTHERN,Waverly,-76.60367,39.33213,"(39.33213, -76.60367)",Street,1
01/21/2018,2141,1F,2500 BOYD ST,HOMICIDE,,FIREARM,842,SOUTHWESTERN,Shipley Hill,-76.65671,39.28627,"(39.28627, -76.65671)",Street,1
01/21/2018,1624,1F,3400 AUCHENTOROLY TER,HOMICIDE,,FIREARM,732,WESTERN,Parkview/Woodbrook,-76.64841,39.31885,"(39.31885, -76.64841)",Street,1
01/21/2018,1624,9S,3400 AUCHENTOROLY TER,SHOOTING,,FIREARM,732,WESTERN,Parkview/Woodbrook,-76.64841,39.31885,"(39.31885, -76.64841)",Street,1
01/20/2018,2313,9S,5100 PARK HEIGHTS AV,SHOOTING,,FIREARM,614,NORTHWESTERN,Central Park Heights,-76.67491,39.34843,"(39.34843, -76.67491)",Street,1
01/20/2018,1128,1F,600 N DUNCAN ST,HOMICIDE,,FIREARM,321,EASTERN,CARE,-76.58719,39.29789,"(39.29789, -76.58719)",Common Bus,1
01/20/2018,425,1F,500 GOLD ST,HOMICIDE,,FIREARM,131,CENTRAL,Druid Heights,-76.63747,39.30897,"(39.30897, -76.63747)",Street,1
01/19/2018,2133,1K,2300 ROBB ST,HOMICIDE,,KNIFE,342,EASTERN,East Baltimore Midway,-76.6003,39.31625,"(39.31625, -76.6003)",Dwelling,1
01/19/2018,2113,9S,400 29TH DIVISION ST,SHOOTING,,FIREARM,132,CENTRAL,Madison Park,-76.62399,39.30234,"(39.30234, -76.62399)",Street,1
01/17/2018,12:27,9S,900 N PAYSON ST,SHOOTING,,FIREARM,722,WESTERN,Bridgeview/Greenlawn,-76.64931,39.29906,"(39.29906, -76.64931)",Street,1
01/16/2018,1917,9S,4400 PIMLICO RD,SHOOTING,,FIREARM,533,NORTHERN,Greenspring,-76.66504,39.34028,"(39.34028, -76.66504)",Street,1
01/15/2018,925,9S,2500 E MONUMENT ST,SHOOTING,,FIREARM,323,EASTERN,Milton-Montford,-76.58224,39.29887,"(39.29887, -76.58224)",Street,1
01/13/2018,2350,9S,1200 N BROADWAY,SHOOTING,,FIREARM,313,EASTERN,Gay Street,-76.59476,39.3037,"(39.3037, -76.59476)",Street,1
01/13/2018,1813,9S,5600 LOCH RAVEN BLVD,SHOOTING,,FIREARM,415,NORTHEASTERN,Loch Raven,-76.58856,39.35952,"(39.35952, -76.58856)",Street,1
01/13/2018,1519,9S,1200 RIGGS AV,SHOOTING,,FIREARM,743,WESTERN,Sandtown-Winchester,-76.63788,39.30118,"(39.30118, -76.63788)",Street,1
01/12/2018,2245,1F,2900 MOSHER ST,HOMICIDE,,FIREARM,814,SOUTHWESTERN,Franklintown Road,-76.66589,39.2992,"(39.2992, -76.66589)",Street,1
01/12/2018,2156,9S,2000 N LONGWOOD ST,SHOOTING,,FIREARM,811,SOUTHWESTERN,Walbrook,-76.66766,39.31025,"(39.31025, -76.66766)",Street,1
01/12/2018,1133,1F,1600 W NORTH AV,HOMICIDE,,FIREARM,733,WESTERN,Penn North,-76.6434,39.31005,"(39.31005, -76.6434)",Street,1
01/11/2018,2338,9S,2400 LIBERTY HEIGHTS AV,SHOOTING,,FIREARM,731,NORTHWESTERN,Mondawmin,-76.65517,39.31906,"(39.31906, -76.65517)",Street,1
01/11/2018,2140,9S,1600 OLMSTEAD ST,SHOOTING,,FIREARM,911,SOUTHERN,Curtis Bay,-76.58863,39.22761,"(39.22761, -76.58863)",Public Are,1
01/11/2018,2104,9S,4800 LORELLY AV,SHOOTING,,FIREARM,443,NORTHEASTERN,Frankford,-76.54764,39.3162,"(39.3162, -76.54764)",Public Are,1
01/11/2018,2104,9S,4800 LORELLY AV,SHOOTING,,FIREARM,443,NORTHEASTERN,Frankford,-76.54764,39.3162,"(39.3162, -76.54764)",Public Are,1
01/11/2018,1932,9S,500 E 29TH ST,SHOOTING,,FIREARM,513,NORTHERN,Better Waverly,-76.60936,39.32382,"(39.32382, -76.60936)",Street,1
01/11/2018,50,1F,200 N HILTON ST,HOMICIDE,,FIREARM,842,SOUTHWESTERN,Saint Josephs,-76.67253,39.28957,"(39.28957, -76.67253)",Vehicle,1
01/10/2018,2125,1F,1400 MAY CT,HOMICIDE,,FIREARM,212,SOUTHEASTERN,Dunbar-Broadway,-76.59847,39.2943,"(39.2943, -76.59847)",Public Hou,1
01/10/2018,1926,1F,1400 E COLD SPRING LA,HOMICIDE,,FIREARM,413,NORTHEASTERN,New Northwood,-76.59356,39.34593,"(39.34593, -76.59356)",Parking Lo,1
01/08/2018,2051,9S,2000 CHRISTIAN ST,SHOOTING,,FIREARM,934,SOUTHERN,Carrollton Ridge,-76.64859,39.28214,"(39.28214, -76.64859)",Street,1
01/08/2018,1310,1F,2600 W PATAPSCO AV,HOMICIDE,,FIREARM,923,SOUTHERN,Lakeland,-76.6522,39.25289,"(39.25289, -76.6522)",Street,1
01/06/2018,2347,9S,2100 WASHINGTON BLVD,SHOOTING,,FIREARM,935,SOUTHERN,Carroll Park,-76.64612,39.27224,"(39.27224, -76.64612)",Street,1
01/06/2018,1959,9S,2200 TUCKER LA,SHOOTING,,FIREARM,821,SOUTHWESTERN,Wakefield,-76.70122,39.31176,"(39.31176, -76.70122)",Public Are,1
01/06/2018,1807,9S,3400 N CALVERT ST,SHOOTING,,FIREARM,512,NORTHERN,Charles Village,-76.61495,39.3296,"(39.3296, -76.61495)",Hospital,1
01/06/2018,1145,1F,6100 MACBETH DR,HOMICIDE,,FIREARM,522,NORTHERN,Glen Oaks,-76.59846,39.36772,"(39.36772, -76.59846)",Street,1
01/04/2018,612,9S,3600 BELAIR RD,SHOOTING,,FIREARM,432,NORTHEASTERN,Belair-Edison,-76.57009,39.32435,"(39.32435, -76.57009)",Street,1
01/03/2018,1759,1F,2000 LINDEN AV,HOMICIDE,,FIREARM,133,CENTRAL,Reservoir Hill,-76.63251,39.31059,"(39.31059, -76.63251)",Parking Lo,1
01/02/2018,2345,1F,500 RICHWOOD AV,HOMICIDE,,FIREARM,524,NORTHERN,Richnor Springs,-76.60955,39.34705,"(39.34705, -76.60955)",Street,1
01/02/2018,2043,9S,4200 SHELDON AV,SHOOTING,,FIREARM,442,NORTHEASTERN,Belair-Edison,-76.56462,39.32861,"(39.32861, -76.56462)",Alley,1
01/01/2018,2047,9S,6200 SHIPVIEW WY,SHOOTING,,FIREARM,243,SOUTHEASTERN,O'Donnell Heights,-76.54173,39.27663,"(39.27663, -76.54173)",Street,1
01/01/2018,1742,1F,5100 GOODNOW RD,HOMICIDE,,FIREARM,443,NORTHEASTERN,Frankford,-76.54379,39.32599,"(39.32599, -76.54379)",Parking Lo,1
01/01/2018,1742,9S,5100 GOODNOW RD,SHOOTING,,FIREARM,443,NORTHEASTERN,Frankford,-76.54379,39.32599,"(39.32599, -76.54379)",Parking Lo,1
01/01/2018,1539,1F,2000 EAGLE ST,HOMICIDE,,FIREARM,934,SOUTHERN,Carrollton Ridge,-76.64759,39.28094,"(39.28094, -76.64759)",Street,1
07/14/2018,19:18:00,9S,1400 Barnes St,SHOOTING,,FIREARM,313,EASTERN,Gay Street,-76.59867,39.30123,"(39.301230000000, -76.598670000000)",Street,1
07/14/2018,19:18:00,9S,1400 Barnes St,SHOOTING,,FIREARM,313,EASTERN,Gay Street,-76.59867,39.30123,"(39.301230000000, -76.598670000000)",Street,1
07/11/2018,20:10:00,9S,1800 N WOLFE ST,SHOOTING,,FIREARM,331,EASTERN,Broadway East,-76.59169,39.31117,"(39.311170000000, -76.591690000000)",Alley,1
07/11/2018,16:22:00,9S,300 S CATHERINE ST,SHOOTING,,FIREARM,842,SOUTHWESTERN,Shipley Hill,-76.65599,39.28388,"(39.283880000000, -76.655990000000)",Street,1
07/10/2018,19:06:00,1F,1500 WHITELOCK ST,HOMICIDE,,FIREARM,733,WESTERN,Penn North,-76.64047,39.31099,"(39.310990000000, -76.640470000000)",Street,1
07/10/2018,19:06:00,9S,1500 WHITELOCK ST,SHOOTING,,FIREARM,733,WESTERN,Penn North,-76.64047,39.31099,"(39.310990000000, -76.640470000000)",Street,1
07/10/2018,15:13:00,1F,500 W HOFFMAN ST,HOMICIDE,,FIREARM,123,CENTRAL,Upton,-76.62663,39.30035,"(39.300350000000, -76.626630000000)",Public Are,1
07/10/2018,02:43:00,1F,2400 W GARRISON AV,HOMICIDE,,FIREARM,532,NORTHERN,Cylburn,-76.6603,39.34996,"(39.349960000000, -76.660300000000)",Public Are,1
07/09/2018,22:33:00,9S,300 WHITRIDGE AV,SHOOTING,,FIREARM,513,NORTHERN,Harwood,-76.61232,39.32149,"(39.321490000000, -76.612320000000)",Street,1
07/09/2018,11:57:00,1F,800 N BELNORD AV,HOMICIDE,,FIREARM,323,EASTERN,Madison-Eastend,-76.5789,39.3004,"(39.300400000000, -76.578900000000)",Street,1
07/09/2018,06:53:00,1F,100 CHERRY HILL RD,HOMICIDE,,FIREARM,922,SOUTHERN,Cherry Hill,-76.61759,39.25233,"(39.252330000000, -76.617590000000)",Dwelling,1
07/09/2018,02:01:00,1F,400 N HAVEN ST,HOMICIDE,,FIREARM,223,SOUTHEASTERN,Baltimore Highlands,-76.56309,39.29651,"(39.296510000000, -76.563090000000)",Parking Lo,1
07/09/2018,00:10:00,9S,4300 REISTERSTOWN RD,SHOOTING,,FIREARM,613,NORTHWESTERN,Towanda-Grantley,-76.66774,39.3386,"(39.338600000000, -76.667740000000)",Street,1
07/08/2018,21:44:00,9S,5300 FRANKFORD AV,SHOOTING,,FIREARM,444,NORTHEASTERN,Frankford,-76.54079,39.32441,"(39.324410000000, -76.540790000000)",Parking Lo,1
07/08/2018,20:48:00,1F,4100 FREDERICK AV,HOMICIDE,,FIREARM,833,SOUTHWESTERN,Irvington,-76.68381,39.28169,"(39.281690000000, -76.683810000000)",Street,1
07/08/2018,11:29:00,9S,3400 EDMONDSON AV,SHOOTING,,FIREARM,844,SOUTHWESTERN,Edgewood,-76.67434,39.29414,"(39.294140000000, -76.674340000000)",Street,1
07/14/2018,19:18:00,9S,1400 Barnes St,SHOOTING,,FIREARM,313,EASTERN,Gay Street,-76.59867,39.30123,"(39.301230000000, -76.598670000000)",Street,1
07/14/2018,19:18:00,9S,1400 Barnes St,SHOOTING,,FIREARM,313,EASTERN,Gay Street,-76.59867,39.30123,"(39.301230000000, -76.598670000000)",Street,1
07/11/2018,20:10:00,9S,1800 N WOLFE ST,SHOOTING,,FIREARM,331,EASTERN,Broadway East,-76.59169,39.31117,"(39.311170000000, -76.591690000000)",Alley,1
07/11/2018,16:22:00,9S,300 S CATHERINE ST,SHOOTING,,FIREARM,842,SOUTHWESTERN,Shipley Hill,-76.65599,39.28388,"(39.283880000000, -76.655990000000)",Street,1
07/10/2018,19:06:00,1F,1500 WHITELOCK ST,HOMICIDE,,FIREARM,733,WESTERN,Penn North,-76.64047,39.31099,"(39.310990000000, -76.640470000000)",Street,1
07/10/2018,19:06:00,9S,1500 WHITELOCK ST,SHOOTING,,FIREARM,733,WESTERN,Penn North,-76.64047,39.31099,"(39.310990000000, -76.640470000000)",Street,1
07/10/2018,15:13:00,1F,500 W HOFFMAN ST,HOMICIDE,,FIREARM,123,CENTRAL,Upton,-76.62663,39.30035,"(39.300350000000, -76.626630000000)",Public Are,1
07/10/2018,02:43:00,1F,2400 W GARRISON AV,HOMICIDE,,FIREARM,532,NORTHERN,Cylburn,-76.6603,39.34996,"(39.349960000000, -76.660300000000)",Public Are,1
07/09/2018,22:33:00,9S,300 WHITRIDGE AV,SHOOTING,,FIREARM,513,NORTHERN,Harwood,-76.61232,39.32149,"(39.321490000000, -76.612320000000)",Street,1
07/09/2018,11:57:00,1F,800 N BELNORD AV,HOMICIDE,,FIREARM,323,EASTERN,Madison-Eastend,-76.5789,39.3004,"(39.300400000000, -76.578900000000)",Street,1
07/09/2018,06:53:00,1F,100 CHERRY HILL RD,HOMICIDE,,FIREARM,922,SOUTHERN,Cherry Hill,-76.61759,39.25233,"(39.252330000000, -76.617590000000)",Dwelling,1
07/09/2018,02:01:00,1F,400 N HAVEN ST,HOMICIDE,,FIREARM,223,SOUTHEASTERN,Baltimore Highlands,-76.56309,39.29651,"(39.296510000000, -76.563090000000)",Parking Lo,1
07/09/2018,00:10:00,9S,4300 REISTERSTOWN RD,SHOOTING,,FIREARM,613,NORTHWESTERN,Towanda-Grantley,-76.66774,39.3386,"(39.338600000000, -76.667740000000)",Street,1
07/08/2018,21:44:00,9S,5300 FRANKFORD AV,SHOOTING,,FIREARM,444,NORTHEASTERN,Frankford,-76.54079,39.32441,"(39.324410000000, -76.540790000000)",Parking Lo,1
07/08/2018,20:48:00,1F,4100 FREDERICK AV,HOMICIDE,,FIREARM,833,SOUTHWESTERN,Irvington,-76.68381,39.28169,"(39.281690000000, -76.683810000000)",Street,1
07/08/2018,11:29:00,9S,3400 EDMONDSON AV,SHOOTING,,FIREARM,844,SOUTHWESTERN,Edgewood,-76.67434,39.29414,"(39.294140000000, -76.674340000000)",Street,1
07/21/2018,19:20:00,1F,1200 DARLEY AV,HOMICIDE,,FIREARM,342,EASTERN,East Baltimore Midway,-76.5991,39.3163,"(39.316300000000, -76.599100000000)",Street,1
07/21/2018,15:59:00,1F,500 OLDTOWN MALL,HOMICIDE,,FIREARM,312,EASTERN,Oldtown,-76.60413,39.29616,"(39.296160000000, -76.604130000000)",Street,1
07/21/2018,15:25:00,9S,2400 WILKENS AV,SHOOTING,,FIREARM,841,SOUTHWESTERN,Millhill,-76.65367,39.2798,"(39.279800000000, -76.653670000000)",Street,1
07/21/2018,07:08:00,1F,2700 RITTENHOUSE AV,HOMICIDE,,FIREARM,923,SOUTHERN,Lakeland,-76.64362,39.25503,"(39.255030000000, -76.643620000000)",Public Are,1
07/21/2018,01:57:00,9S,400 E SARATOGA ST,SHOOTING,,FIREARM,111,CENTRAL,Downtown,-76.61012,39.29253,"(39.292530000000, -76.610120000000)",Street,1
07/21/2018,00:44:00,9S,1000 DUNDALK AV,SHOOTING,,FIREARM,243,SOUTHEASTERN,Graceland Park,-76.53621,39.28234,"(39.282340000000, -76.536210000000)",Parking Lo,1
07/21/2018,00:44:00,9S,1000 DUNDALK AV,SHOOTING,,FIREARM,243,SOUTHEASTERN,Graceland Park,-76.53621,39.28234,"(39.282340000000, -76.536210000000)",Parking Lo,1
07/21/2018,00:44:00,9S,1000 DUNDALK AV,SHOOTING,,FIREARM,243,SOUTHEASTERN,Graceland Park,-76.53621,39.28234,"(39.282340000000, -76.536210000000)",Parking Lo,1
07/20/2018,22:58:00,9S,2600 W PATAPSCO AV,SHOOTING,,FIREARM,923,SOUTHERN,Lakeland,-76.6522,39.25289,"(39.252890000000, -76.652200000000)",Dwelling,1
07/20/2018,19:24:00,9S,3400 MARY AV,SHOOTING,,FIREARM,425,NORTHEASTERN,Glenham-Belhar,-76.55254,39.35248,"(39.352480000000, -76.552540000000)",Street,1
07/20/2018,16:10:00,1F,1700 N ROSEDALE ST,HOMICIDE,,FIREARM,813,SOUTHWESTERN,Rosemont,-76.66924,39.30716,"(39.307160000000, -76.669240000000)",Street,1
07/20/2018,13:06:00,9S,1600 PENTWOOD RD,SHOOTING,,FIREARM,413,NORTHEASTERN,Stonewood-Pentwood-Winsto,-76.58727,39.34782,"(39.347820000000, -76.587270000000)",Street,1
07/20/2018,10:25:00,1O,900 S CATON AV,HOMICIDE,,OTHER,832,SOUTHWESTERN,Violetville,-76.67137,39.27355,"(39.273550000000, -76.671370000000)",Hospital,1
07/19/2018,21:39:00,1O,2800 FOREST GLEN RD,HOMICIDE,,OTHER,641,NORTHWESTERN,West Forest Park,-76.69437,39.31822,"(39.318220000000, -76.694370000000)",Dwelling,1
07/19/2018,18:22:00,9S,4300 ORCHARD RIDGE BLVD,SHOOTING,,FIREARM,433,NORTHEASTERN,Orchard Ridge,-76.55963,39.31148,"(39.311480000000, -76.559630000000)",Street,1
07/19/2018,14:20:00,1F,500 LYNDHURST ST,HOMICIDE,,FIREARM,843,SOUTHWESTERN,Allendale,-76.6806,39.29266,"(39.292660000000, -76.680600000000)",Vehicle,1
07/18/2018,22:20:00,9S,3500 5TH ST,SHOOTING,,FIREARM,913,SOUTHERN,Brooklyn,-76.60284,39.23886,"(39.238860000000, -76.602840000000)",Street,1
07/18/2018,22:13:00,9S,0 W 21ST ST,SHOOTING,,FIREARM,514,NORTHERN,Barclay,-76.6148,39.3133,"(39.313300000000, -76.614800000000)",Street,1
07/18/2018,17:03:00,9S,6500 REISTERSTOWN RD,SHOOTING,,FIREARM,632,NORTHWESTERN,Glen,-76.703,39.35672,"(39.356720000000, -76.703000000000)",Street,1
07/18/2018,02:53:00,1F,3200 ELLERSLIE AV,HOMICIDE,,FIREARM,513,NORTHERN,Better Waverly,-76.60383,39.32708,"(39.327080000000, -76.603830000000)",Public Are,1
07/17/2018,12:15:00,9S,1700 E 35TH ST,SHOOTING,,FIREARM,412,NORTHEASTERN,Ednor Gardens-Lakeside,-76.59175,39.33091,"(39.330910000000, -76.591750000000)",Dwelling,1
07/17/2018,01:54:00,9S,1600 N GILMOR ST,SHOOTING,,FIREARM,742,WESTERN,Sandtown-Winchester,-76.64346,39.30731,"(39.307310000000, -76.643460000000)",Dwelling,1
07/16/2018,22:41:00,9S,1500 N MONROE ST,SHOOTING,,FIREARM,741,WESTERN,Easterwood,-76.64793,39.30528,"(39.305280000000, -76.647930000000)",Street,1
07/16/2018,21:09:00,9S,3300 CHELSEA TER,SHOOTING,,FIREARM,642,NORTHWESTERN,Concerned Citizens Of For,-76.68376,39.32456,"(39.324560000000, -76.683760000000)",Vehicle,1
07/16/2018,07:39:00,1F,4200 N FRANKLINTOWN RD,HOMICIDE,,FIREARM,821,SOUTHWESTERN,Gwynns Falls/Leakin Park,-76.68714,39.30473,"(39.304730000000, -76.687140000000)",Public Are,1
07/15/2018,21:44:00,1F,5300 FRANKFORD AV,HOMICIDE,,FIREARM,444,NORTHEASTERN,Frankford,-76.54079,39.32441,"(39.324410000000, -76.540790000000)",Parking Lo,1
07/15/2018,12:19:00,9S,5400 FAIRLAWN AV,SHOOTING,,FIREARM,623,NORTHWESTERN,Woodmere,-76.68962,39.34531,"(39.345310000000, -76.689620000000)",Street,1
07/15/2018,03:30:00,1F,2200 EAGLE ST,HOMICIDE,,FIREARM,841,SOUTHWESTERN,Carrollton Ridge,-76.65022,39.28006,"(39.280060000000, -76.650220000000)",Street,1
07/28/2018,21:20:00,9S,5300 CARTER AV,SHOOTING,,FIREARM,426,NORTHEASTERN,Waltherson,-76.55915,39.34646,"(39.34646, -76.55915)",Street,1
07/27/2018,23:22:00,9S,0 W 21ST ST,SHOOTING,,FIREARM,514,NORTHERN,Charles North,-76.6168,39.3132,"(39.3132, -76.6168)",Street,1
07/27/2018,19:27:00,9S,2400 W BELVEDERE AV,SHOOTING,,FIREARM,532,NORTHERN,Levindale,-76.66237,39.35448,"(39.35448, -76.66237)",Hospital,1
07/26/2018,21:54:00,9S,6000 MORAVIA RD,SHOOTING,,FIREARM,441,NORTHEASTERN,Pulaski Industrial Area,-76.54438,39.31559,"(39.31559, -76.54438)",Street,1
07/25/2018,23:19:00,1F,400 S PAYSON ST,HOMICIDE,,FIREARM,934,SOUTHERN,Carrollton Ridge,-76.6484,39.28272,"(39.28272, -76.6484)",Street,1
07/25/2018,23:19:00,9S,400 S PAYSON ST,SHOOTING,,FIREARM,934,SOUTHERN,Carrollton Ridge,-76.6484,39.28272,"(39.28272, -76.6484)",Street,1
07/25/2018,18:59:00,9S,2400 N MONROE ST,SHOOTING,,FIREARM,731,WESTERN,Mondawmin,-76.65012,39.3152,"(39.3152, -76.65012)",Street,1
07/24/2018,17:49:00,9S,1100 WICKLOW RD,SHOOTING,,FIREARM,822,SOUTHWESTERN,Rognel Heights,-76.69065,39.29776,"(39.29776, -76.69065)",Parking Lo,1
07/24/2018,17:14:00,9S,2400 BELAIR RD,SHOOTING,,FIREARM,434,NORTHEASTERN,Belair-Edison,-76.57819,39.31766,"(39.31766, -76.57819)",Public Are,1
07/24/2018,01:47:00,9S,1600 PLUM ST,SHOOTING,,FIREARM,911,SOUTHERN,Curtis Bay,-76.58827,39.2284,"(39.2284, -76.58827)",Public Hou,1
07/23/2018,12:15:00,9S,100 S LOUDON AV,SHOOTING,,FIREARM,843,SOUTHWESTERN,Irvington,-76.68216,39.28437,"(39.28437, -76.68216)",Street,1
07/22/2018,17:19:00,9S,1400 W SARATOGA ST,SHOOTING,,FIREARM,711,WESTERN,Franklin Square,-76.64031,39.29222,"(39.29222, -76.64031)",Dwelling,1
07/22/2018,0:07:00,1F,900 E 37TH ST,HOMICIDE,,FIREARM,412,NORTHEASTERN,Ednor Gardens-Lakeside,-76.60405,39.33339,"(39.33339, -76.60405)",Street,1
